-- phpMyAdmin SQL Dump
-- version 5.0.0
-- https://www.phpmyadmin.net/
--
-- Host: db
-- Waktu pembuatan: 09 Jan 2020 pada 01.27
-- Versi server: 10.4.11-MariaDB-1:10.4.11+maria~bionic
-- Versi PHP: 7.4.1

SET SQL_MODE = "NO_AUTO_VALUE_ON_ZERO";
SET AUTOCOMMIT = 0;
START TRANSACTION;
SET time_zone = "+00:00";


/*!40101 SET @OLD_CHARACTER_SET_CLIENT=@@CHARACTER_SET_CLIENT */;
/*!40101 SET @OLD_CHARACTER_SET_RESULTS=@@CHARACTER_SET_RESULTS */;
/*!40101 SET @OLD_COLLATION_CONNECTION=@@COLLATION_CONNECTION */;
/*!40101 SET NAMES utf8mb4 */;

--
-- Database: `niramas`
--

-- --------------------------------------------------------

--
-- Struktur dari tabel `cuti`
--

CREATE TABLE `cuti` (
  `id_cuti` int(11) NOT NULL,
  `nik` varchar(100) NOT NULL,
  `jenis` varchar(100) NOT NULL,
  `tgl_mulai` date NOT NULL,
  `tgl_berakhir` date NOT NULL,
  `total_hari` int(11) NOT NULL,
  `keterangan` text NOT NULL,
  `atasan` text NOT NULL,
  `approval` enum('Belum','Tidak','Ya') NOT NULL,
  `cuti_khusus` text DEFAULT NULL,
  `created_at` datetime NOT NULL
) ENGINE=InnoDB DEFAULT CHARSET=latin1;

-- --------------------------------------------------------

--
-- Struktur dari tabel `cuti_bersama`
--

CREATE TABLE `cuti_bersama` (
  `id_cuti_bersama` int(11) NOT NULL,
  `tahun` varchar(100) NOT NULL,
  `jumlah` int(100) NOT NULL
) ENGINE=InnoDB DEFAULT CHARSET=latin1;

-- --------------------------------------------------------

--
-- Struktur dari tabel `karyawan`
--

CREATE TABLE `karyawan` (
  `nik` varchar(100) NOT NULL,
  `tgl_masuk_kerja` date DEFAULT NULL,
  `nama_karyawan` varchar(100) DEFAULT NULL,
  `divisi` varchar(100) DEFAULT NULL,
  `departement` varchar(100) DEFAULT NULL,
  `atasan` varchar(100) DEFAULT NULL,
  `email` varchar(100) DEFAULT NULL,
  `grade_title` varchar(1000) DEFAULT NULL,
  `grade` varchar(100) DEFAULT NULL,
  `level` varchar(100) DEFAULT NULL,
  `lokasi_kerja` varchar(100) DEFAULT NULL,
  `tgl_lahir` date DEFAULT NULL,
  `no_ktp` varchar(100) DEFAULT NULL,
  `sex` varchar(100) DEFAULT NULL
) ENGINE=InnoDB DEFAULT CHARSET=latin1;

--
-- Dumping data untuk tabel `karyawan`
--

INSERT INTO `karyawan` (`nik`, `tgl_masuk_kerja`, `nama_karyawan`, `divisi`, `departement`, `atasan`, `email`, `grade_title`, `grade`, `level`, `lokasi_kerja`, `tgl_lahir`, `no_ktp`, `sex`) VALUES
('00004', '1992-05-18', 'Tamin Tampati', 'MSC & Engineering', 'P2', 'Indra Hermawan', '', 'Crew', 'VI', '14', 'Bekasi', '1970-03-12', '3216061203700035', 'L'),
('00005', '1992-05-27', 'Warnih', 'MSC & Engineering', 'PP2', 'Indra Hermawan', '', 'Crew', 'VI', '14', 'Bekasi', '1973-09-20', '3216066009730006', 'L'),
('00006', '1992-06-10', 'Irah', 'MSC & Engineering', 'PP2', 'Indra Hermawan', '', 'Crew', 'VI', '14', 'Bekasi', '1968-12-07', '3216064712680028', 'L'),
('00007', '1992-06-30', 'Yayah M', 'MSC & Engineering', 'P2', 'Indra Hermawan', '', 'Crew', 'VI', '14', 'Bekasi', '1975-12-25', '3216066512750004', 'L'),
('00009', '1993-01-14', 'Sanih', 'MSC & Engineering', 'PP4', 'Hasanudin', '', 'Crew', 'VI', '14', 'Bekasi', '1978-07-04', '3216064407780009', 'L'),
('00010', '1993-01-25', 'Anita A', 'MSC & Engineering', 'P2', 'Indra Hermawan', '', 'Crew', 'VI', '14', 'Bekasi', '1979-03-02', '3216064203790021', 'L'),
('00011', '1993-02-10', 'Iin Supriatin', 'MSC & Engineering', 'PP3', 'Sri Rahayu', '', 'Crew', 'VI', '14', 'Bekasi', '1975-01-09', '3216060901750001', 'L'),
('00012', '1993-10-01', 'Acem Binti Anci', 'MSC & Engineering', 'P1', 'Indra Hermawan', '', 'Crew', 'VI', '14', 'Bekasi', '1969-06-15', '3216115506690042', 'L'),
('00013', '1993-10-18', 'Anen', 'MSC & Engineering', 'P1', 'Indra Hermawan', '', 'Crew', 'VI', '14', 'Bekasi', '1979-08-13', '3216061308780009', 'L'),
('00022', '1995-09-18', 'Lilis Surtiningsih', 'Human Capital Management', 'Human Capital Management', 'Noer Riza', '', 'Crew', 'VI', '14', 'Bekasi', '1979-08-22', '3216066208790006', 'L'),
('00030', '1996-02-29', 'Surahman', 'MSC & Engineering', 'PP2', 'Indra Hermawan', '', 'Crew', 'VI', '14', 'Bekasi', '1975-05-13', '3216061305750019', 'L'),
('00033', '1996-07-29', 'Sarmiah', 'MSC & Engineering', 'P4', 'Hasanudin', '', 'Crew', 'VI', '14', 'Bekasi', '1979-04-03', '3216064304790016', 'L'),
('00034', '1996-07-29', 'Rosmawati', 'MSC & Engineering', 'P1', 'Indra Hermawan', '', 'Crew', 'VI', '14', 'Bekasi', '1969-06-15', '3216065506690074', 'L'),
('00035', '1996-07-29', 'Sri Mining', 'MSC & Engineering', 'P1', 'Indra Hermawan', '', 'Crew', 'VI', '14', 'Bekasi', '1977-02-15', '3216065502770005', 'L'),
('00037', '1996-08-13', 'Maskah', 'MSC & Engineering', 'P1', 'Indra Hermawan', '', 'Crew', 'VI', '14', 'Bekasi', '1977-12-10', '3216061012770016', 'L'),
('00038', '1996-08-13', 'Karmi', 'MSC & Engineering', 'P1', 'Indra Hermawan', '', 'Crew', 'VI', '14', 'Bekasi', '1981-12-07', '3216064712810015', 'L'),
('00040', '1996-08-20', 'Sumiyati', 'MSC & Engineering', 'PP4', 'Hasanudin', '', 'Crew', 'VI', '14', 'Bekasi', '1963-08-07', '3216064708630005', 'L'),
('00041', '1996-09-02', 'Sutiyem', 'MSC & Engineering', 'QC System', 'Wawan Hermawan', '', 'Crew', 'VI', '14', 'Bekasi', '1974-05-04', '3216064405740010', 'L'),
('00044', '1996-10-13', 'Hariansah', 'MSC & Engineering', 'P2', 'Indra Hermawan', '', 'Crew', 'VI', '14', 'Bekasi', '1979-10-08', '3216064708630005', 'L'),
('00045', '1996-11-02', 'Eli Mutiara', 'MSC & Engineering', 'PP2', 'Indra Hermawan', '', 'Crew', 'VI', '14', 'Bekasi', '1979-04-27', '3216066704790019', 'L'),
('00047', '1996-11-08', 'Martha M', 'MSC & Engineering', 'PP4', 'Hasanudin', '', 'Crew', 'VI', '14', 'Bekasi', '1962-03-05', '3275014503620021', 'L'),
('00048', '1996-11-09', 'Keminah', 'MSC & Engineering', 'PP2', 'Indra Hermawan', '', 'Crew', 'VI', '14', 'Bekasi', '1979-11-26', '3216066611790025', 'L'),
('00049', '1996-11-09', 'Lembut Suswati', 'MSC & Engineering', 'PP4', 'Hasanudin', '', 'Crew', 'VI', '14', 'Bekasi', '1965-01-23', '3216066301670004', 'L'),
('00050', '1996-11-12', 'Yeyen Yeni', 'MSC & Engineering', 'P1', 'Indra Hermawan', '', 'Crew', 'VI', '14', 'Bekasi', '1979-12-01', '3216064112790018', 'L'),
('00051', '1996-11-12', 'Linda Hastuti', 'MSC & Engineering', 'P1', 'Indra Hermawan', '', 'Crew', 'VI', '14', 'Bekasi', '1982-04-08', '3216064804820018', 'L'),
('00055', '1997-03-04', 'Sukoco', 'MSC & Engineering', 'Engineering', 'Misno Yulianto', '', 'Crew', 'VI', '14', 'Bekasi', '1973-08-31', '3216063108730007', 'L'),
('00056', '1997-03-16', 'Mulyana', 'MSC & Engineering', 'PP2', 'Indra Hermawan', '', 'Crew', 'VI', '14', 'Bekasi', '1980-05-05', '3216060505800041', 'L'),
('00058', '1997-10-08', 'Mamat Surahmat', 'MSC & Engineering', 'P1', 'Indra Hermawan', '', 'Crew', 'VI', '13', 'Bekasi', '1977-06-01', '3216070106770012', 'L'),
('00059', '1997-10-15', 'Masitoh', 'MSC & Engineering', 'P1', 'Indra Hermawan', '', 'Crew', 'VI', '14', 'Bekasi', '1973-10-23', '3216066310730015', 'L'),
('00060', '1997-10-18', 'Wibah', 'MSC & Engineering', 'P1', 'Indra Hermawan', '', 'Crew', 'VI', '14', 'Bekasi', '1980-03-10', '3216065003800019', 'L'),
('00063', '1997-12-06', 'Kani Erlindah', 'Product Development', 'Product Development', 'Christ Wina Dyah Ayu Maharani', '', 'Crew', 'VI', '13', 'Bekasi', '1982-08-16', '3216065608820019', 'L'),
('00064', '1998-05-05', 'Dahlia Purwati', 'MSC & Engineering', 'PP4', 'Hasanudin', '', 'Crew', 'VI', '14', 'Bekasi', '1981-06-28', '3216066806810001', 'L'),
('00065', '1998-08-18', 'Samijan', 'MSC & Engineering', 'Engineering', 'Misno Yulianto', '', 'Crew', 'VI', '14', 'Bekasi', '1970-08-16', '3216061608700032', 'L'),
('00068', '1999-05-08', 'Karta', 'MSC & Engineering', 'P3', 'Tuni', '', 'Crew', 'VI', '14', 'Bekasi', '1982-06-03', '3216060306820028', 'L'),
('00070', '1999-06-02', 'Nyai Hartati', 'MSC & Engineering', 'P1', 'Indra Hermawan', '', 'Crew', 'VI', '14', 'Bekasi', '1968-11-19', '3216065911680001', 'L'),
('00071', '1999-06-02', 'Nurhidayah', 'MSC & Engineering', 'P1', 'Indra Hermawan', '', 'Crew', 'VI', '14', 'Bekasi', '1981-02-10', '3216065002820027', 'L'),
('00082', '2000-07-30', 'Suwandi Tasmit', 'MSC & Engineering', 'Supply Chain', 'Joni Sihombing', '', 'Crew', 'VI', '14', 'Bekasi', '1979-12-07', '3216060712790020', 'L'),
('00083', '2000-08-01', 'Mohammad Sodikin', 'Sales', 'Sales', 'Franky R. Koroh', '', 'Crew', 'VI', '14', 'Bekasi', '1966-01-05', '3216060501670029', 'L'),
('00084', '2000-08-01', 'Amirudin', 'Sales', 'Sales', 'Franky R. Koroh', '', 'Crew', 'VI', '14', 'Bekasi', '1980-04-09', '3216020904810013', 'L'),
('00086', '2000-10-15', 'Beni Sutanto', 'MSC & Engineering', 'Supply Chain', 'Joni Sihombing', '', 'Crew', 'VI', '14', 'Bekasi', '1975-08-12', '3216061208750018', 'L'),
('00087', '2000-11-18', 'Cecep Supriyadi', 'Sales', 'Sales', 'Franky R. Koroh', '', 'Crew', 'VI', '14', 'Bekasi', '1974-05-05', '3216060505740049', 'L'),
('00088', '2001-01-22', 'Engkos Kosasih', 'Sales', 'Sales', 'Franky R. Koroh', '', 'Crew', 'VI', '14', 'Bekasi', '1977-02-05', '3216060502770013', 'L'),
('00093', '2001-10-05', 'Otim', 'Sales', 'Sales', 'Setyo Nugroho', '', 'Crew', 'VI', '14', 'Tangerang', '1979-08-30', '3671013008790005', 'L'),
('00097', '2001-11-20', 'Umi Kalsum', 'Sales', 'Sales', 'Agung Sanjaya', '', 'Crew', 'VI', '14', 'Lampung', '1975-07-05', '1801134501750005', 'L'),
('00099', '2002-02-10', 'Tian Sanjaya', 'Sales', 'Sales', 'Franky R. Koroh', '', 'Crew', 'VI', '14', 'Bekasi', '1981-09-10', '3216061009810024', 'L'),
('00100', '2002-05-20', 'Tono', 'Sales', 'Sales', 'Franky R. Koroh', '', 'Crew', 'VI', '14', 'Bekasi', '1979-03-05', '3216060503790026', 'L'),
('00101', '2002-06-22', 'Rosid', 'Human Capital Management', 'Human Capital Management', 'Noer Riza', '', 'Crew', 'VI', '14', 'Bekasi', '1980-05-20', '3201102005800006', 'L'),
('00108', '2003-12-20', 'Andi', 'Sales', 'Sales', 'Franky R. Koroh', '', 'Crew', 'VI', '14', 'Bekasi', '1983-09-03', '3216060903830009', 'L'),
('00115', '2005-02-07', 'Heri Junaedi', 'Marketing', 'Marketing', 'Leo Wibowo', '', 'Crew', 'VI', '14', 'Bekasi', '1970-04-02', '3175070204700021', 'L'),
('00116', '2005-02-21', 'Edi Prayitno', 'Sales', 'Sales', 'Franky R. Koroh', '', 'Crew', 'VI', '14', 'Bekasi', '1985-12-11', '3216021112850007', 'L'),
('00126', '2007-07-10', 'Mohamad Yasin', 'Marketing', 'Marketing', 'Leo Wibowo', '', 'Crew', 'VI', '14', 'Bekasi', '1979-07-15', '3171051507790006', 'L'),
('00134', '2008-01-21', 'Zaenal Abidin', 'Human Capital Management', 'Human Capital Management', 'Noer Riza', '', 'Crew', 'VI', '14', 'Bekasi', '1970-11-07', '3201380711700005', 'L'),
('00142', '2008-07-16', 'Andy Indrayadi Yusuf', 'Human Capital Management', 'Human Capital Management', 'Noer Riza', '', 'Crew', 'VI', '14', 'Bekasi', '1975-07-04', '3275010407750016', 'L'),
('00154', '2009-04-01', 'Pipin Mahrupin', 'Sales', 'Sales', 'Franky R. Koroh', '', 'Crew', 'VI', '14', 'Bekasi', '1978-09-26', '3216052609780001', 'L'),
('00159', '2009-07-01', 'Siti Darmawati', 'Sales', 'Sales', 'Franky R. Koroh', '', 'Crew', 'VI', '14', 'Bekasi', '1976-05-19', '3174015905760002', 'L'),
('00166', '2010-01-04', 'Sadim', 'Sales', 'Sales', 'Setyo Nugroho', '', 'Crew', 'VI', '14', 'Tangerang', '1974-06-11', '3216101106740003', 'L'),
('00167', '2010-02-01', 'Yulis Suheriah', 'Sales', 'Sales', 'Franky R. Koroh', '', 'Crew', 'VI', '14', 'Bekasi', '1980-07-15', '3175015507800006', 'L'),
('00178', '2010-09-05', 'Elanggono Victoriawan', 'Sales', 'Sales', 'Franky R. Koroh', '', 'Crew', 'VI', '14', 'Bekasi', '1976-04-21', '3373022104760005', 'L'),
('00179', '2010-09-05', 'Ujang Irwan', 'Sales', 'Sales', 'Franky R. Koroh', '', 'Crew', 'VI', '14', 'Bekasi', '1988-05-25', '3604252505880003', 'L'),
('00188', '2011-02-08', 'Novan Riwayanto', 'Sales', 'Sales', 'Franky R. Koroh', '', 'Crew', 'VI', '14', 'Bekasi', '1985-11-04', '3175100411850003', 'L'),
('00189', '2011-02-14', 'Dewi Rahmawati', 'Sales', 'Sales', 'Franky R. Koroh', '', 'Crew', 'VI', '14', 'Bekasi', '1985-03-11', '3275085103850015', 'L'),
('00195', '2011-09-08', 'Fajriansyah', 'Sales', 'Sales', 'Franky R. Koroh', '', 'Crew', 'VI', '14', 'Bekasi', '1984-03-20', '3173052003840008', 'L'),
('00199', '2011-09-26', 'Hamaliah', 'Sales', 'Sales', 'Franky R. Koroh', '', 'Crew', 'VI', '14', 'Bekasi', '1984-01-26', '3175014610760004', 'L'),
('00206', '2011-12-26', 'Lisa Rahmawati', 'Sales', 'Sales', 'Franky R. Koroh', '', 'Crew', 'VI', '14', 'Bekasi', '1984-10-12', '3276015210840001', 'L'),
('00233', '2012-07-02', 'Vivi Novia Andriyanti', 'Sales', 'Sales', 'Ap Indra Jaya', '', 'Crew', 'VI', '14', 'Magelang', '1989-11-21', '3371026111890003', 'L'),
('00260', '2013-02-14', 'Maston Parnatalan', 'Sales', 'Sales', 'Franky R. Koroh', '', 'Crew', 'VI', '14', 'Bekasi', '1983-12-26', '3216062612830003', 'L'),
('00296', '2019-06-10', 'Achmad Hidayat', 'Human Capital Management', 'Human Capital Management', 'Jefri Aprianto', '', 'Crew', 'VI', '14', 'Bekasi', '1984-06-08', '3216060806840001', 'L'),
('00298', '2019-06-10', 'Eko Suroto', 'Human Capital Management', 'Human Capital Management', 'Noer Riza', '', 'Crew', 'VI', '14', 'Bekasi', '1984-10-10', '3173011010840025', 'L'),
('00299', '2013-08-15', 'Kastam', 'Human Capital Management', 'Human Capital Management', 'Noer Riza', '', 'Crew', 'VI', '14', 'Bekasi', '1981-09-24', '3216062409810003', 'L'),
('00300', '2019-06-12', 'Argo Kurnianto', 'MSC & Engineering', 'Supply Chain', 'Joni Sihombing', '', 'Crew', 'VI', '14', 'Bekasi', '1993-09-16', '3216051609930001', 'L'),
('00301', '2019-06-12', 'Wandi Suhandi', 'MSC & Engineering', 'Supply Chain', 'Joni Sihombing', '', 'Crew', 'VI', '14', 'Bekasi', '1981-02-02', '3216060202810010', 'L'),
('00302', '2019-06-12', 'Yamin Suryadi', 'MSC & Engineering', 'Supply Chain', 'Joni Sihombing', '', 'Crew', 'VI', '14', 'Bekasi', '1987-11-20', '3216052011870004', 'L'),
('00303', '2019-06-10', 'Arsan', 'Human Capital Management', 'Human Capital Management', 'Noer Riza', '', 'Crew', 'VI', '14', 'Bekasi', '1972-09-14', '3216051409720001', 'L'),
('00304', '2019-06-10', 'Elan Suryana', 'Human Capital Management', 'Human Capital Management', 'Jefri Aprianto', '', 'Crew', 'VI', '14', 'Bekasi', '1973-04-04', '3216060404730032', 'L'),
('00305', '2019-06-10', 'Hairul Anwar', 'Human Capital Management', 'Human Capital Management', 'Noer Riza', '', 'Crew', 'VI', '14', 'Bekasi', '1984-10-10', '3216091010840027', 'L'),
('00306', '2019-06-10', 'Hambali', 'Human Capital Management', 'Human Capital Management', 'Noer Riza', '', 'Crew', 'VI', '14', 'Bekasi', '1988-02-02', '3216030202880002', 'L'),
('00307', '2019-06-12', 'Iik Akbar', 'Human Capital Management', 'Human Capital Management', 'Noer Riza', '', 'Crew', 'VI', '14', 'Bekasi', '1976-06-14', '3216061406760001', 'L'),
('00308', '2019-06-12', 'Nana Juhana', 'Human Capital Management', 'Human Capital Management', 'Noer Riza', '', 'Crew', 'VI', '14', 'Bekasi', '1971-07-01', '3207100705760001', 'L'),
('00309', '2019-06-10', 'Nedi Junaedi', 'Human Capital Management', 'Human Capital Management', 'Noer Riza', '', 'Crew', 'VI', '14', 'Bekasi', '1970-07-08', '3216060807700023', 'L'),
('00310', '2019-06-12', 'Ramdani Sidik', 'Human Capital Management', 'Human Capital Management', 'Noer Riza', '', 'Crew', 'VI', '14', 'Bekasi', '1986-09-06', '3216060609860019', 'L'),
('00312', '2019-06-12', 'Sopyan Hidayat', 'Human Capital Management', 'Human Capital Management', 'Noer Riza', '', 'Crew', 'VI', '14', 'Bekasi', '1976-10-18', '3216031810760004', 'L'),
('00313', '2019-06-12', 'Subur Jahrudin', 'Human Capital Management', 'Human Capital Management', 'Noer Riza', '', 'Crew', 'VI', '14', 'Bekasi', '1979-11-11', '3216051111790007', 'L'),
('00314', '2019-06-10', 'Sudin', 'Human Capital Management', 'Human Capital Management', 'Noer Riza', '', 'Crew', 'VI', '14', 'Bekasi', '1990-03-19', '3216051903900003', 'L'),
('00318', '2016-07-14', 'Amri Amrullah', 'MSC & Engineering', 'PP4', 'Hasanudin', '', 'Crew', 'VI', '12', 'Bekasi', '1977-11-19', '3216061911770024', 'L'),
('00320', '2019-06-13', 'Emad Abdullah', 'MSC & Engineering', 'P4', 'Hasanudin', '', 'Crew', 'VI', '14', 'Bekasi', '1979-05-20', '3216062005790005', 'L'),
('00323', '2019-06-13', 'Kikin Suryanto', 'MSC & Engineering', 'PP3', 'Sri Rahayu', '', 'Crew', 'VI', '14', 'Bekasi', '1981-08-20', '3216062008810018', 'L'),
('00326', '2019-06-13', 'Niman', 'MSC & Engineering', 'P1', 'Indra Hermawan', '', 'Crew', 'VI', '14', 'Bekasi', '1985-03-20', '3215112003850001', 'L'),
('00328', '2019-06-13', 'Rodiyan', 'MSC & Engineering', 'PP3', 'Tuni', '', 'Crew', 'VI', '14', 'Bekasi', '1990-09-10', '3216061009900012', 'L'),
('00332', '2019-06-13', 'Abdul Mutholib B Rusdi', 'MSC & Engineering', 'P3', 'Tuni', '', 'Crew', 'VI', '14', 'Bekasi', '1980-03-02', '3216060203800035', 'L'),
('00333', '2019-06-13', 'Dede Suryadi', 'MSC & Engineering', 'P4', 'Hasanudin', '', 'Crew', 'VI', '14', 'Bekasi', '1986-02-02', '3216060202860016', 'L'),
('00335', '2019-06-13', 'Faqih Sulaiman', 'MSC & Engineering', 'P3', 'Tuni', '', 'Crew', 'VI', '14', 'Bekasi', '1983-04-02', '3305120204830005', 'L'),
('00337', '2019-06-13', 'Jenih Saputra', 'MSC & Engineering', 'P3', 'Tuni', '', 'Crew', 'VI', '14', 'Bekasi', '1982-07-21', '3216062107820015', 'L'),
('00338', '2019-06-13', 'Muslim Mubarok', 'MSC & Engineering', 'P4', 'Hasanudin', '', 'Crew', 'VI', '14', 'Bekasi', '1989-04-15', '3328111504890016', 'L'),
('00344', '2019-06-13', 'Solihin', 'MSC & Engineering', 'P4', 'Hasanudin', '', 'Crew', 'VI', '14', 'Bekasi', '1980-08-25', '3216062508800004', 'L'),
('00345', '2019-06-13', 'Sugiono', 'MSC & Engineering', 'P3', 'Tuni', '', 'Crew', 'VI', '14', 'Bekasi', '1960-10-23', '3216062310600001', 'L'),
('00346', '2019-06-13', 'Sukri Maulana', 'MSC & Engineering', 'P1', 'Indra Hermawan', '', 'Crew', 'VI', '14', 'Bekasi', '1969-09-13', '3216061309690023', 'L'),
('00348', '2019-06-13', 'Suryadi Nacep', 'MSC & Engineering', 'P3', 'Tuni', '', 'Crew', 'VI', '14', 'Bekasi', '1981-08-15', '3216064307800020', 'L'),
('00351', '2019-06-13', 'Yamin', 'MSC & Engineering', 'P3', 'Tuni', '', 'Crew', 'VI', '14', 'Bekasi', '1982-07-04', '3216060407820020', 'L'),
('00353', '2019-06-12', 'Cecep Muklis Gunawan', 'MSC & Engineering', 'PP2', 'Indra Hermawan', '', 'Crew', 'VI', '13', 'Bekasi', '1971-02-03', '3216060302710012', 'L'),
('00354', '2019-06-12', 'Andri W', 'MSC & Engineering', 'Supply Chain', 'Joni Sihombing', '', 'Crew', 'VI', '14', 'Bekasi', '1981-03-08', '3216060803810018', 'L'),
('00355', '2019-06-12', 'Arif Sahrudin', 'MSC & Engineering', 'Supply Chain', 'Dian Yuliandi', '', 'Crew', 'VI', '14', 'Bekasi', '1980-06-30', '3216063006800002', 'L'),
('00356', '2019-06-12', 'Didi Jahidin', 'MSC & Engineering', 'Supply Chain', 'Dian Yuliandi', '', 'Crew', 'VI', '14', 'Bekasi', '1969-07-15', '3216061507690056', 'L'),
('00357', '2019-06-12', 'Eno Suparno', 'MSC & Engineering', 'Supply Chain', 'Dian Yuliandi', '', 'Crew', 'VI', '14', 'Bekasi', '1975-12-07', '3216060712750005', 'L'),
('00361', '2019-06-12', 'Kurniawan', 'MSC & Engineering', 'Supply Chain', 'Dian Yuliandi', '', 'Crew', 'VI', '14', 'Bekasi', '1987-03-11', '3216061103870020', 'L'),
('00363', '2019-06-12', 'Muriyanto', 'MSC & Engineering', 'Supply Chain', 'Dian Yuliandi', '', 'Crew', 'VI', '14', 'Bekasi', '1981-07-19', '3216061907810001', 'L'),
('00366', '2019-06-13', 'Ade Mahmud Kasman', 'MSC & Engineering', 'QC System', 'Mulyani M', '', 'Crew', 'VI', '14', 'Bekasi', '1982-10-02', '3172040210820022', 'L'),
('00368', '2019-06-13', 'Heru Susilo', 'MSC & Engineering', 'QC System', 'Wawan Hermawan', '', 'Crew', 'VI', '14', 'Bekasi', '1983-11-15', '3216061511830008', 'L'),
('00371', '2019-06-13', 'Partiyah', 'MSC & Engineering', 'QC System', 'Wawan Hermawan', '', 'Crew', 'VI', '14', 'Bekasi', '1982-12-22', '3216066212820019', 'L'),
('00372', '2016-07-13', 'Zainal Wahid', 'MSC & Engineering', 'QC System', 'Nela Handayani', '', 'Crew', 'VI', '12', 'Bekasi', '1979-03-29', '3275012903790036', 'L'),
('00375', '2019-06-11', 'Henny Hendrawati', 'Product Development', 'Product Development', 'Christ Wina Dyah Ayu Maharani', '', 'Crew', 'VI', '14', 'Bekasi', '1991-10-26', '3212066610910001', 'L'),
('00378', '2019-06-10', 'Tuti Susilawati', 'Product Development', 'Product Development', 'Christ Wina Dyah Ayu Maharani', '', 'Crew', 'VI', '14', 'Bekasi', '1982-07-05', '3216064507820036', 'L'),
('00379', '2019-06-12', 'Anggit Listiono', 'MSC & Engineering', 'Engineering', 'Misno Yulianto', '', 'Crew', 'VI', '14', 'Bekasi', '1985-07-26', '3304112607850001', 'L'),
('00380', '2019-06-09', 'Dede Suryadi', 'MSC & Engineering', 'Engineering', 'Misno Yulianto', '', 'Crew', 'VI', '14', 'Bekasi', '1976-12-05', '3216060512760011', 'L'),
('00382', '2019-06-12', 'Nurhalim', 'MSC & Engineering', 'Engineering', 'Misno Yulianto', '', 'Crew', 'VI', '14', 'Bekasi', '1991-03-17', '3216061703910001', 'L'),
('00383', '2019-06-10', 'Sadani', 'MSC & Engineering', 'Engineering', 'Misno Yulianto', '', 'Crew', 'VI', '14', 'Bekasi', '1975-07-17', '3216061707750013', 'L'),
('00384', '2019-05-31', 'Sriyono', 'MSC & Engineering', 'Engineering', 'Misno Yulianto', '', 'Crew', 'VI', '14', 'Bekasi', '1976-10-08', '3216061010760001', 'L'),
('00385', '2019-06-10', 'Sujana', 'Human Capital Management', 'Human Capital Management', 'Noer Riza', '', 'Crew', 'VI', '14', 'Bekasi', '1992-01-13', '3216021301920001', 'L'),
('00387', '2019-06-12', 'Widy Hidayat', 'MSC & Engineering', 'Engineering', 'Misno Yulianto', '', 'Crew', 'VI', '14', 'Bekasi', '1975-05-28', '3216062805750012', 'L'),
('00389', '2019-06-23', 'Abdul Manaf', 'MSC & Engineering', 'P1', 'Indra Hermawan', '', 'Crew', 'VI', '14', 'Bekasi', '1990-10-22', '3216062210900017', 'L'),
('00390', '2016-07-21', 'Ahmad Sholihin', 'MSC & Engineering', 'P1', 'Indra Hermawan', '', 'Crew', 'VI', '12', 'Bekasi', '1989-10-05', '3216060510890032', 'L'),
('00391', '2019-06-23', 'Ami Nurhayati', 'MSC & Engineering', 'P1', 'Indra Hermawan', '', 'Crew', 'VI', '14', 'Bekasi', '1983-09-07', '3216074709830014', 'L'),
('00394', '2016-07-21', 'Aris Tono', 'MSC & Engineering', 'P4', 'Hasanudin', '', 'Crew', 'VI', '12', 'Bekasi', '1988-07-11', '3216061107880015', 'L'),
('00395', '2019-06-18', 'Asep Supriyadi', 'MSC & Engineering', 'P1', 'Indra Hermawan', '', 'Crew', 'VI', '14', 'Bekasi', '1982-04-03', '3216060304820013', 'L'),
('00396', '2019-06-23', 'Asmanih', 'MSC & Engineering', 'P1', 'Indra Hermawan', '', 'Crew', 'VI', '14', 'Bekasi', '1984-05-15', '3216065505840002', 'L'),
('00397', '2019-06-19', 'Ato Darmanto', 'MSC & Engineering', 'P1', 'Indra Hermawan', '', 'Crew', 'VI', '14', 'Bekasi', '1981-11-11', '3216061111810023', 'L'),
('00398', '2019-06-23', 'Cici Handayani Sidabutar', 'MSC & Engineering', 'P1', 'Indra Hermawan', '', 'Crew', 'VI', '14', 'Bekasi', '1989-07-04', '3216064407890020', 'L'),
('00400', '2019-06-24', 'Darman', 'MSC & Engineering', 'P1', 'Indra Hermawan', '', 'Crew', 'VI', '14', 'Bekasi', '1990-08-12', '3216071208900010', 'L'),
('00401', '2019-06-23', 'Dede Karlinah', 'MSC & Engineering', 'P1', 'Indra Hermawan', '', 'Crew', 'VI', '14', 'Bekasi', '1993-10-05', '3216054510930004', 'L'),
('00406', '2019-06-12', 'Egi Rahadi', 'MSC & Engineering', 'P4', 'Hasanudin', '', 'Crew', 'VI', '14', 'Bekasi', '1993-04-16', '3216031604930003', 'L'),
('00412', '2019-06-23', 'Herawati', 'MSC & Engineering', 'P1', 'Indra Hermawan', '', 'Crew', 'VI', '14', 'Bekasi', '1983-12-30', '3216087012830011', 'L'),
('00413', '2019-06-24', 'Heri Purwanto', 'MSC & Engineering', 'P1', 'Indra Hermawan', '', 'Crew', 'VI', '14', 'Bekasi', '1980-12-25', '3216062512800010', 'L'),
('00416', '2019-06-23', 'Imin', 'MSC & Engineering', 'P1', 'Indra Hermawan', '', 'Crew', 'VI', '14', 'Bekasi', '1985-04-27', '3216052704850007', 'L'),
('00417', '2019-06-24', 'Ingkay Hermanto', 'MSC & Engineering', 'P4', 'Hasanudin', '', 'Crew', 'VI', '14', 'Bekasi', '1982-03-06', '3275110603820001', 'L'),
('00426', '2019-06-23', 'Lia Putri Rahmawati', 'MSC & Engineering', 'P1', 'Indra Hermawan', '', 'Crew', 'VI', '14', 'Bekasi', '1994-02-19', '3216065902940012', 'L'),
('00429', '2016-07-21', 'Maryadi', 'MSC & Engineering', 'P4', 'Hasanudin', '', 'Crew', 'VI', '12', 'Bekasi', '1982-07-02', '3275110207820001', 'L'),
('00442', '2019-06-12', 'Nurlela', 'MSC & Engineering', 'P4', 'Hasanudin', '', 'Crew', 'VI', '14', 'Bekasi', '1982-08-09', '3216074908820007', 'L'),
('00444', '2019-06-12', 'Opid', 'MSC & Engineering', 'P4', 'Hasanudin', '', 'Crew', 'VI', '14', 'Bekasi', '1981-03-09', '3207350903810001', 'L'),
('00446', '2019-06-18', 'Rahmat Jaelani', 'MSC & Engineering', 'P1', 'Indra Hermawan', '', 'Crew', 'VI', '14', 'Bekasi', '1986-03-15', '3216061503860033', 'L'),
('00456', '2019-06-19', 'Rosin', 'MSC & Engineering', 'P1', 'Indra Hermawan', '', 'Crew', 'VI', '14', 'Bekasi', '1985-11-07', '3216030711850002', 'L'),
('00458', '2019-06-24', 'Sakri', 'MSC & Engineering', 'P1', 'Indra Hermawan', '', 'Crew', 'VI', '14', 'Bekasi', '1982-01-10', '3216061001820001', 'L'),
('00460', '2019-06-12', 'Samin Saripudin', 'MSC & Engineering', 'P4', 'Hasanudin', '', 'Crew', 'VI', '14', 'Bekasi', '1986-05-27', '3215112705860003', 'L'),
('00464', '2019-06-23', 'Siti Rodiah', 'MSC & Engineering', 'P1', 'Indra Hermawan', '', 'Crew', 'VI', '14', 'Bekasi', '1989-01-12', '3216065201890012', 'L'),
('00469', '2019-06-24', 'Sugeng Riyanto', 'MSC & Engineering', 'P1', 'Indra Hermawan', '', 'Crew', 'VI', '14', 'Bekasi', '1984-11-25', '3302122511840001', 'L'),
('00471', '2016-07-20', 'Sumarno', 'MSC & Engineering', 'P1', 'Indra Hermawan', '', 'Crew', 'VI', '12', 'Bekasi', '1984-04-11', '3275011104840018', 'L'),
('00473', '2019-06-24', 'Susila', 'MSC & Engineering', 'P1', 'Indra Hermawan', '', 'Crew', 'VI', '14', 'Bekasi', '1984-02-08', '3216060802840012', 'L'),
('00474', '2019-06-23', 'Suswati', 'MSC & Engineering', 'P1', 'Indra Hermawan', '', 'Crew', 'VI', '14', 'Bekasi', '1980-02-10', '3216065002800028', 'L'),
('00475', '2019-06-19', 'Suyatno', 'MSC & Engineering', 'P1', 'Indra Hermawan', '', 'Crew', 'VI', '14', 'Bekasi', '1983-11-05', '3216060511830008', 'L'),
('00478', '2019-06-23', 'Teti Purnamayono', 'MSC & Engineering', 'P1', 'Indra Hermawan', '', 'Crew', 'VI', '14', 'Bekasi', '1983-10-16', '3216065610830005', 'L'),
('00480', '2019-06-23', 'Tuti Alawiyah', 'MSC & Engineering', 'P1', 'Indra Hermawan', '', 'Crew', 'VI', '14', 'Bekasi', '1994-09-27', '3216066709940011', 'L'),
('00481', '2019-06-23', 'Tuti Ernawati', 'MSC & Engineering', 'P1', 'Indra Hermawan', '', 'Crew', 'VI', '14', 'Bekasi', '1979-03-17', '3216065703790011', 'L'),
('00482', '2019-06-12', 'Warjo Suhwandi', 'MSC & Engineering', 'P4', 'Hasanudin', '', 'Crew', 'VI', '14', 'Bekasi', '1975-07-20', '3216062007750015', 'L'),
('00489', '2019-06-23', 'Yuli Hantini', 'MSC & Engineering', 'P1', 'Indra Hermawan', '', 'Crew', 'VI', '14', 'Bekasi', '1979-07-03', '3216064307790024', 'L'),
('00491', '2019-06-24', 'Dedi', 'MSC & Engineering', 'P2', 'Indra Hermawan', '', 'Crew', 'VI', '14', 'Bekasi', '1979-07-17', '3216061707790013', 'L'),
('00492', '2016-07-21', 'Eryanto', 'MSC & Engineering', 'P2', 'Indra Hermawan', '', 'Crew', 'VI', '12', 'Bekasi', '1985-06-30', '3216063006850024', 'L'),
('00497', '2016-07-21', 'Syarifudin', 'MSC & Engineering', 'PP4', 'Hasanudin', '', 'Crew', 'VI', '12', 'Bekasi', '1973-06-12', '3218061206736004', 'L'),
('00498', '2019-06-13', 'Adi Setyo Nugroho', 'MSC & Engineering', 'P3', 'Tuni', '', 'Crew', 'VI', '14', 'Bekasi', '1989-02-22', '3216062202890010', 'L'),
('00500', '2019-06-17', 'Ishak Yeremias Mooy', 'MSC & Engineering', 'P4', 'Hasanudin', '', 'Crew', 'VI', '14', 'Bekasi', '1986-09-12', '3204331209860004', 'L'),
('00501', '2019-06-13', 'Mulyadi', 'MSC & Engineering', 'P4', 'Hasanudin', '', 'Crew', 'VI', '14', 'Bekasi', '1993-11-25', '3216072511930002', 'L'),
('00503', '2019-06-17', 'Siti Khodijah', 'MSC & Engineering', 'QC System', 'Wawan Hermawan', '', 'Crew', 'VI', '14', 'Bekasi', '1985-06-04', '3216064406850030', 'L'),
('00505', '2019-06-13', 'Abdul Gani', 'MSC & Engineering', 'P4', 'Hasanudin', '', 'Crew', 'VI', '14', 'Bekasi', '1986-05-21', '3215112105860002', 'L'),
('00510', '2019-06-24', 'Agus Musolih', 'MSC & Engineering', 'P2', 'Indra Hermawan', '', 'Crew', 'VI', '14', 'Bekasi', '1984-08-08', '3213190609840001', 'L'),
('00511', '2019-06-17', 'Ah Nuryadin', 'MSC & Engineering', 'P3', 'Tuni', '', 'Crew', 'VI', '14', 'Bekasi', '1987-03-12', '3216021203870010', 'L'),
('00512', '2019-06-13', 'Albertus .M.F', 'MSC & Engineering', 'P4', 'Hasanudin', '', 'Crew', 'VI', '14', 'Bekasi', '1969-02-27', '3216062702690009', 'L'),
('00513', '2019-06-24', 'Ali Mukti Tarmana', 'MSC & Engineering', 'P2', 'Indra Hermawan', '', 'Crew', 'VI', '14', 'Bekasi', '1993-04-14', '3216061404930022', 'L'),
('00519', '2019-06-24', 'Bariyanti', 'MSC & Engineering', 'P2', 'Indra Hermawan', '', 'Crew', 'VI', '14', 'Bekasi', '1985-06-06', '1809054606850007', 'L'),
('00526', '2019-06-24', 'Idha Farida', 'MSC & Engineering', 'P2', 'Indra Hermawan', '', 'Crew', 'VI', '14', 'Bekasi', '1982-10-11', '3275015110820019', 'L'),
('00531', '2019-06-12', 'Karina Sumarsih', 'MSC & Engineering', 'P4', 'Hasanudin', '', 'Crew', 'VI', '14', 'Bekasi', '1983-03-03', '3216064303830044', 'L'),
('00532', '2019-06-17', 'Lucky Yulianto', 'MSC & Engineering', 'P4', 'Hasanudin', '', 'Crew', 'VI', '14', 'Bekasi', '1992-07-31', '3275013107920010', 'L'),
('00535', '2019-06-19', 'Nada Pesona', 'MSC & Engineering', 'P4', 'Hasanudin', '', 'Crew', 'VI', '14', 'Bekasi', '1991-05-20', '3216022005910016', 'L'),
('00538', '2019-06-13', 'Poniman', 'MSC & Engineering', 'P4', 'Hasanudin', '', 'Crew', 'VI', '14', 'Bekasi', '1983-03-07', '3213191005830002', 'L'),
('00539', '2019-11-26', 'Riki Sopandi', 'MSC & Engineering', 'P4', 'Hasanudin ', '', 'Crew', 'VI', '14', 'Bekasi', '1990-12-19', '3213191912900001', 'L'),
('00544', '2019-06-24', 'Siti Maryam', 'MSC & Engineering', 'P2', 'Indra Hermawan', '', 'Crew', 'VI', '14', 'Bekasi', '1980-10-14', '3216065410800004', 'L'),
('00551', '2019-06-24', 'Wiwin Widiawati', 'MSC & Engineering', 'P2', 'Indra Hermawan', '', 'Crew', 'VI', '14', 'Bekasi', '1983-07-29', '3216066907830008', 'L'),
('00552', '2016-07-21', 'Anton Nugroho', 'MSC & Engineering', 'PP3', 'Sri Rahayu', '', 'Crew', 'VI', '12', 'Bekasi', '1981-12-28', '3275062812810015', 'L'),
('00558', '2016-07-21', 'Madi Maryadi', 'MSC & Engineering', 'QC System', 'Nela Handayani', '', 'Crew', 'VI', '12', 'Bekasi', '1993-03-19', '3275111903910002', 'L'),
('00567', '2019-06-13', 'Wahyu Dirja', 'MSC & Engineering', 'P3', 'Tuni', '', 'Crew', 'VI', '14', 'Bekasi', '1989-12-31', '3216063112890019', 'L'),
('00570', '2019-06-24', 'Aditya Pebriyanto', 'MSC & Engineering', 'PP2', 'Indra Hermawan', '', 'Crew', 'VI', '14', 'Bekasi', '1993-02-03', '3216060302930010', 'L'),
('00572', '2019-06-17', 'Antoni', 'MSC & Engineering', 'PP4', 'Hasanudin', '', 'Crew', 'VI', '14', 'Bekasi', '1978-06-09', '3275010906780019', 'L'),
('00579', '2019-11-26', 'Irwan Kurniawan', 'MSC & Engineering', 'P2', 'Indra Hermawan', '', 'Crew', 'VI', '14', 'Bekasi', '1981-03-04', '3216060403810023', 'L'),
('00580', '2016-07-21', 'Iwan Suprayitno', 'MSC & Engineering', 'PP2', 'Indra Hermawan', '', 'Crew', 'VI', '12', 'Bekasi', '1983-05-26', '3216062606830017', 'L'),
('00592', '2019-06-24', 'Andi Suhandi', 'MSC & Engineering', 'P4', 'Hasanudin', '', 'Crew', 'VI', '14', 'Bekasi', '1991-01-12', '3275111201910006', 'L'),
('00603', '2019-06-17', 'Madih Wijaya', 'MSC & Engineering', 'P3', 'Tuni', '', 'Crew', 'VI', '14', 'Bekasi', '1987-11-03', '3216050311870004', 'L'),
('00605', '2019-06-13', 'Muasin', 'MSC & Engineering', 'P4', 'Hasanudin', '', 'Crew', 'VI', '14', 'Bekasi', '1989-12-11', '3216031112890005', 'L'),
('00627', '2019-11-21', 'Eko Kusuma', 'MSC & Engineering', 'P4', 'Hasanudin', '', 'Crew', 'VI', '14', 'Bekasi', '1989-11-13', '3216081311890006', 'L'),
('00630', '2019-06-24', 'Supriyatin', 'MSC & Engineering', 'PP2', 'Indra Hermawan', '', 'Crew', 'VI', '14', 'Bekasi', '1992-12-22', '3216066212920019', 'L'),
('00634', '2019-06-13', 'Drajat Wahyudi', 'MSC & Engineering', 'QC System', 'Wawan Hermawan', '', 'Crew', 'VI', '14', 'Bekasi', '1983-05-25', '3216062505830010', 'L'),
('00635', '2019-06-13', 'Erma Akriyani', 'MSC & Engineering', 'QC System', 'Nela Handayani', '', 'Crew', 'VI', '14', 'Bekasi', '1994-07-01', '3203144107940104', 'L'),
('00637', '2019-06-13', 'Herman Hermawan', 'MSC & Engineering', 'QC System', 'Nela Handayani', '', 'Crew', 'VI', '14', 'Bekasi', '1979-06-13', '3216061306790027', 'L'),
('00639', '2019-06-13', 'Puji Hastuti', 'MSC & Engineering', 'QC System', 'Farastika Amalia/Nuryanto', '', 'Crew', 'VI', '14', 'Bekasi', '1980-11-10', '3216065011800035', 'L'),
('00640', '2019-06-13', 'Sri Astuti', 'MSC & Engineering', 'QC System', 'Farastika Amalia/Nuryanto', '', 'Crew', 'VI', '14', 'Bekasi', '1981-09-10', '3216065009810004', 'L'),
('00649', '2019-06-24', 'Hari Andika Noor', 'MSC & Engineering', 'P1', 'Indra Hermawan', '', 'Crew', 'VI', '14', 'Bekasi', '1991-07-11', '3216031107910008', 'L'),
('00652', '2019-06-12', 'Budi Mahardi', 'MSC & Engineering', 'Supply Chain', 'Dian Yuliandi', '', 'Crew', 'VI', '14', 'Bekasi', '1987-02-15', '3216061502870002', 'L'),
('00655', '2019-06-12', 'Marwan', 'MSC & Engineering', 'PP2', 'Indra Hermawan', '', 'Crew', 'VI', '14', 'Bekasi', '1982-07-15', '3209031507820012', 'L'),
('00658', '2019-12-04', 'Suheri', 'MSC & Engineering', 'PP3', 'Sri Rahayu', '', 'Crew', 'VI', '14', 'Bekasi', '1987-01-31', '3275013101870018', 'L'),
('00660', '2019-06-23', 'Saripah', 'MSC & Engineering', 'P1', 'Indra Hermawan', '', 'Crew', 'VI', '14', 'Bekasi', '1986-09-16', '3216095609860010', 'L'),
('00683', '2019-06-13', 'Lutfi Ardiansyah', 'MSC & Engineering', 'PP2', 'Indra Hermawan', '', 'Crew', 'VI', '14', 'Bekasi', '1986-09-07', '3201070709860013', 'L'),
('00697', '2019-06-24', 'Umi Wahyanti', 'MSC & Engineering', 'QC System', 'Farastika Amalia/Nuryanto', '', 'Crew', 'VI', '13', 'Bekasi', '1975-06-04', '3216064406750040', 'L'),
('00698', '2019-11-21', 'Stiawan Pratama', 'MSC & Engineering', 'P4', 'Hasanudin', '', 'Crew', 'VI', '14', 'Bekasi', '1986-08-14', '3216061408660011', 'L'),
('00699', '2019-06-12', 'Eko Saputra', 'MSC & Engineering', 'P4', 'Hasanudin', '', 'Crew', 'VI', '14', 'Bekasi', '1993-11-12', '3216061211930015', 'L'),
('00701', '2019-06-24', 'Vitri Astuti', 'MSC & Engineering', 'P2', 'Indra Hermawan', '', 'Crew', 'VI', '14', 'Bekasi', '1989-04-29', '3216066904890021', 'L'),
('00703', '2019-06-12', 'Yudiawan', 'MSC & Engineering', 'P4', 'Hasanudin', '', 'Crew', 'VI', '14', 'Bekasi', '1986-05-10', '3208151005860001', 'L'),
('00706', '2019-06-24', 'Hikmaya', 'MSC & Engineering', 'P2', 'Indra Hermawan', '', 'Crew', 'VI', '14', 'Bekasi', '1980-04-18', '3216065804800015', 'L'),
('00725', '2019-06-23', 'Tety Retnowaty', 'MSC & Engineering', 'P1', 'Indra Hermawan', '', 'Crew', 'VI', '14', 'Bekasi', '1991-09-19', '3275015909910020', 'L'),
('00742', '2019-06-12', 'Firman Mandala', 'MSC & Engineering', 'Engineering', 'Misno Yulianto', '', 'Crew', 'VI', '14', 'Bekasi', '1994-05-26', '3216062605940015', 'L'),
('00749', '2019-06-12', 'Syaeful Anwar', 'MSC & Engineering', 'Supply Chain', 'Joni Sihombing', '', 'Crew', 'VI', '14', 'Bekasi', '1988-10-20', '3275032010880014', 'L'),
('00771', '2019-06-17', 'Ravi Khalilul Rahman', 'MSC & Engineering', 'P3', 'Tuni', '', 'Crew', 'VI', '14', 'Bekasi', '1991-02-28', '3216062802910003', 'L'),
('00772', '2019-06-24', 'Diki Sanjaya', 'MSC & Engineering', 'P4', 'Hasanudin', '', 'Crew', 'VI', '14', 'Bekasi', '1992-04-16', '3275011604920023', 'L'),
('00790', '2019-06-13', 'Asep Sopiyan', 'MSC & Engineering', 'P3', 'Tuni', '', 'Crew', 'VI', '14', 'Bekasi', '1994-03-20', '3216062003940024', 'L'),
('00792', '2019-06-13', 'Rudi Santoso', 'MSC & Engineering', 'P3', 'Tuni', '', 'Crew', 'VI', '14', 'Bekasi', '1991-01-19', '3216071901910007', 'L'),
('00807', '2019-06-12', 'Syaeful Aziz', 'MSC & Engineering', 'Engineering', 'Misno Yulianto', '', 'Crew', 'VI', '14', 'Bekasi', '1988-07-01', '3328060107880193', 'L'),
('00832', '2019-11-26', 'Harinal Gucino', 'MSC & Engineering', 'PP3', 'Sri Rahayu', '', 'Crew', 'VI', '14', 'Bekasi', '1986-05-11', '3216061105860019', 'L'),
('00838', '2011-07-28', 'Imas Sawitri', 'Sales', 'Sales', 'Awan Akhadi', '', 'Crew', 'VI', '14', 'Garut', '1993-04-05', '3205024504930008', 'L'),
('00846', '2019-06-24', 'Supriyanto', 'MSC & Engineering', 'P4', 'Hasanudin', '', 'Crew', 'VI', '14', 'Bekasi', '1987-09-20', '3216072009870007', 'L'),
('00859', '2019-06-19', 'Marsumedi', 'MSC & Engineering', 'P1', 'Indra Hermawan', '', 'Crew', 'VI', '14', 'Bekasi', '1986-12-13', '3216061312860013', 'L'),
('00891', '2014-02-18', 'Evana Safanet Rahim', 'Sales', 'Sales', 'Franky R. Koroh', '', 'Crew', 'VI', '14', 'Bekasi', '1984-11-01', '3171054111840002', 'L'),
('00893', '2014-01-28', 'Bondan Tri Juanto', 'Sales', 'Sales', 'Mardi', '', 'Crew', 'VI', '14', 'Bogor', '1977-06-25', '3271042506770005', 'L'),
('00904', '2019-06-12', 'Slamet Prayitno', 'MSC & Engineering', 'Supply Chain', 'Joni Sihombing', '', 'Crew', 'VI', '14', 'Bekasi', '1983-04-25', '3216092504830007', 'L'),
('00930', '2019-06-12', 'Tari', 'Product Development', 'Product Development', 'Christ Wina Dyah Ayu Maharani', '', 'Crew', 'VI', '14', 'Bekasi', '1987-08-17', '3209081708870009', 'L'),
('00944', '2019-06-13', 'Taufik', 'MSC & Engineering', 'P1', 'Indra Hermawan', '', 'Crew', 'VI', '14', 'Bekasi', '1990-06-05', '3216060506900023', 'L'),
('00962', '2014-03-12', 'Heri Suhirman B. Ngadi', 'Human Capital Management', 'Human Capital Management', 'Noer Riza', '', 'Crew', 'VI', '14', 'Bekasi', '1990-04-13', '3601061304900001', 'L'),
('00995', '2019-11-26', 'Junaedi', 'MSC & Engineering', 'PP3', 'Sri Rahayu', '', 'Crew', 'VI', '14', 'Bekasi', '1989-06-03', '3216060306890003', 'L'),
('01004', '2019-06-13', 'Arbiatun Nawawi', 'MSC & Engineering', 'P1', 'Indra Hermawan', '', 'Crew', 'VI', '14', 'Bekasi', '1985-10-12', '3216061210850025', 'L'),
('01005', '2019-06-13', 'Bahrudin', 'MSC & Engineering', 'P1', 'Indra Hermawan', '', 'Crew', 'VI', '14', 'Bekasi', '1990-09-26', '3216032609900002', 'L'),
('01010', '2016-07-21', 'Taufiq Hidayat', 'MSC & Engineering', 'P4', 'Hasanudin', '', 'Crew', 'VI', '12', 'Bekasi', '1985-06-25', '3216032506850001', 'L'),
('01013', '2019-06-12', 'Agung Sudaryanto', 'MSC & Engineering', 'Supply Chain', 'Joni Sihombing', '', 'Crew', 'VI', '14', 'Bekasi', '1990-06-20', '3305102006900001', 'L'),
('01048', '2019-06-24', 'Heri Joko Prayitno', 'MSC & Engineering', 'P4', 'Hasanudin', '', 'Crew', 'VI', '14', 'Bekasi', '1991-11-28', '3216062811910024', 'L'),
('01057', '2019-06-23', 'Arum Sari', 'MSC & Engineering', 'P1', 'Indra Hermawan', '', 'Crew', 'VI', '14', 'Bekasi', '1993-09-13', '3216065309930024', 'L'),
('01074', '2019-12-09', 'Ahmad Setiawan', 'Product Development', 'Product Development', 'Yayuk Lestari', '', 'Crew', 'VI', '14', 'Bekasi', '1992-09-05', '3216030509920002', 'L'),
('01123', '2019-06-10', 'Pungut', 'Human Capital Management', 'Human Capital Management', 'Noer Riza', '', 'Crew', 'VI', '14', 'Bekasi', '1992-08-15', '3216051508920008', 'L'),
('01174', '2019-06-23', 'Riska Apriliana Dewi', 'MSC & Engineering', 'QC System', 'Farastika Amalia/Nuryanto', '', 'Crew', 'VI', '14', 'Bekasi', '1996-04-19', '3275035904960030', 'L'),
('01175', '2019-06-12', 'Sri Megawati', 'MSC & Engineering', 'P1', 'Indra Hermawan', '', 'Crew', 'VI', '14', 'Bekasi', '1989-05-11', '3216065105890022', 'L'),
('01204', '2016-07-21', 'Ihsan', 'MSC & Engineering', 'P3', 'Tuni', '', 'Crew', 'VI', '12', 'Bekasi', '1991-10-04', '3216060410910012', 'L'),
('01210', '2019-06-13', 'Pengki Alposa', 'MSC & Engineering', 'P3', 'Tuni', '', 'Crew', 'VI', '14', 'Bekasi', '1986-10-14', '3216191410860007', 'L'),
('01214', '2019-11-06', 'Risk Ilsyaba', 'Product Development', 'Product Development', 'Christ Wina Dyah Ayu Maharani', '', 'Crew', 'VI', '14', 'Bekasi', '1987-04-27', '3216062704870014', 'L'),
('01220', '2019-11-21', 'Agus Supriatin', 'MSC & Engineering', 'P4', 'Hasanudin', '', 'Crew', 'VI', '14', 'Bekasi', '1993-08-17', '3302041708930002', 'L'),
('01248', '2019-06-23', 'Hery Yanto', 'MSC & Engineering', 'P1', 'Indra Hermawan', '', 'Crew', 'VI', '14', 'Bekasi', '1982-11-01', '3216060111820002', 'L'),
('01263', '2014-10-06', 'Holilah Adawiah', 'Sales', 'Sales', 'Setyo Nugroho', '', 'Crew', 'VI', '14', 'Tangerang', '1988-11-12', '3604275211880006', 'L'),
('01301', '2019-06-12', 'Iswandi', 'MSC & Engineering', 'Supply Chain', 'Joni Sihombing', '', 'Crew', 'VI', '14', 'Bekasi', '1992-05-02', '3212290205920003', 'L'),
('01302', '2019-06-12', 'Nursalim', 'MSC & Engineering', 'Supply Chain', 'Joni Sihombing', '', 'Crew', 'VI', '14', 'Bekasi', '1994-08-30', '3208153008940004', 'L'),
('01327', '2016-07-21', 'Sabar Juniko', 'MSC & Engineering', 'P4', 'Hasanudin', '', 'Crew', 'VI', '12', 'Bekasi', '1986-06-10', '3216061006860021', 'L'),
('01328', '2015-01-06', 'Hasan Basri', 'Sales', 'Sales', 'Setyo Nugroho', '', 'Crew', 'VI', '14', 'Tangerang', '1983-03-15', '3603111503830010', 'L'),
('01333', '2019-06-13', 'Giri Prakosa', 'MSC & Engineering', 'QC System', 'Nela Handayani', '', 'Crew', 'VI', '14', 'Bekasi', '1990-06-28', '3275022806900011', 'L'),
('01352', '2015-02-02', 'Martia Ningsih', 'Sales', 'Sales', 'Setyo Nugroho', '', 'Crew', 'VI', '14', 'Tangerang', '1982-03-04', '3171044403820001', 'L'),
('01360', '2015-02-23', 'M. Erdin Herdiansyah', 'Marketing', 'Marketing', 'Leo Wibowo', '', 'Crew', 'VI', '14', 'Bekasi', '1996-11-28', '3216062811970014', 'L'),
('01382', '2019-06-24', 'Toni Budiarto', 'MSC & Engineering', 'P4', 'Hasanudin', '', 'Crew', 'VI', '14', 'Bekasi', '1986-04-29', '3303122904860002', 'L'),
('01388', '2019-06-13', 'Muhamad Ripai', 'MSC & Engineering', 'P2', 'Indra Hermawan', '', 'Crew', 'VI', '14', 'Bekasi', '1988-10-01', '3216060110880015', 'L'),
('01430', '2019-06-24', 'Seno Reseto', 'MSC & Engineering', 'P2', 'Indra Hermawan', '', 'Crew', 'VI', '14', 'Bekasi', '1993-09-03', '3216050309880003', 'L'),
('01463', '2019-06-13', 'Naman', 'MSC & Engineering', 'QC System', 'Nela Handayani', '', 'Crew', 'VI', '14', 'Bekasi', '1989-03-03', '3216050303890002', 'L'),
('01468', '2015-04-17', 'Mia Amalia', 'Sales', 'Sales', 'Setyo Nugroho', '', 'Crew', 'VI', '14', 'Tangerang', '1993-05-25', '3671106505930004', 'L'),
('01474', '2015-04-20', 'Masti', 'Marketing', 'Marketing', 'Leo Wibowo', '', 'Crew', 'VI', '14', 'Bekasi', '1979-12-10', '3216065012790021', 'L'),
('01480', '2015-05-12', 'Tri Afianto', 'Sales', 'Sales', 'Franky R. Koroh', '', 'Crew', 'VI', '14', 'Bekasi', '1985-05-06', '3175100605850002', 'L'),
('01517', '2019-06-23', 'Rosita', 'MSC & Engineering', 'P1', 'Indra Hermawan', '', 'Crew', 'VI', '14', 'Bekasi', '1991-06-24', '3216056406910009', 'L'),
('01527', '2015-10-01', 'Yuyun Anggeriani', 'Sales', 'Sales', 'Eka Ciptaning Rahayu', '', 'Crew', 'VI', '14', 'Banjarmasin', '1983-08-14', '6371025408830009', 'L'),
('01548', '2015-12-11', 'Anen Saputra', 'Sales', 'Sales', 'Franky R. Koroh', '', 'Crew', 'VI', '14', 'Bekasi', '1979-03-15', '3216061503790019', 'L'),
('01575', '2015-12-26', 'Tita Hendria', 'Sales', 'Sales', 'Epi Supianti', '', 'Crew', 'VI', '14', 'Bengkulu', '1985-02-22', '1771096202850001', 'L'),
('01583', '2019-06-23', 'Abdurahman Rizki Arfiansyah', 'MSC & Engineering', 'P1', 'Indra Hermawan', '', 'Crew', 'VI', '14', 'Bekasi', '1997-12-15', '3275111512970001', 'L'),
('01593', '2016-02-23', 'Riska Amaliasya', 'Sales', 'Sales', 'Epi Supianti', '', 'Crew', 'VI', '14', 'Palembang', '1994-08-08', '1671044808940004', 'L'),
('01596', '2019-06-24', 'Akhmad Arif', 'MSC & Engineering', 'PP2', 'Indra Hermawan', '', 'Crew', 'VI', '14', 'Bekasi', '1983-10-15', '3209231510830014', 'L'),
('01597', '2016-03-01', 'Nurul Hidayati', 'Sales', 'Sales', 'Franky R. Koroh', '', 'Crew', 'VI', '14', 'Bekasi', '1989-09-08', '3216064809890025', 'L'),
('01601', '2019-06-12', 'Dodi Saputra', 'MSC & Engineering', 'Supply Chain', 'Joni Sihombing', '', 'Crew', 'VI', '14', 'Bekasi', '1990-12-18', '3216061812900009', 'L'),
('01609', '2019-06-24', 'Anton Sujarwo', 'MSC & Engineering', 'PP2', 'Indra Hermawan', '', 'Crew', 'VI', '14', 'Bekasi', '1991-08-26', '1803092608910001', 'L'),
('01610', '2019-06-13', 'Hendra Trihadi', 'MSC & Engineering', 'P4', 'Hasanudin', '', 'Crew', 'VI', '14', 'Bekasi', '1989-08-01', '3216060108890012', 'L'),
('01617', '2016-03-14', 'Khoirudin', 'Sales', 'Sales', 'Setyo Nugroho', '', 'Crew', 'VI', '14', 'Tangerang', '1997-04-26', '3216022604970005', 'L'),
('01708', '2016-07-20', 'Joko Saptomo', 'MSC & Engineering', 'Engineering', 'Misno Yulianto', '', 'Crew', 'VI', '12', 'Bekasi', '1984-02-07', '3216060702840028', 'L'),
('01725', '2019-06-12', 'Indria Dwi Kartika', 'MSC & Engineering', 'P4', 'Hasanudin', '', 'Crew', 'VI', '14', 'Bekasi', '1991-06-19', '3216065906910011', 'L'),
('01741', '2019-11-21', 'Asep Mahrudin', 'MSC & Engineering', 'P4', 'Hasanudin', '', 'Crew', 'VI', '14', 'Bekasi', '1995-10-03', '3216170310950001', 'L'),
('01803', '2019-06-10', 'Bernardinus Setio Anggoro', 'Human Capital Management', 'Human Capital Management', 'Jefri Aprianto', '', 'Crew', 'VI', '14', 'Bekasi', '1990-05-21', '3216062105900015', 'L'),
('01814', '2016-04-27', 'Suhendra', 'Sales', 'Sales', 'Setyo Nugroho', '', 'Crew', 'VI', '14', 'Tangerang', '1989-08-20', '3603102008890001', 'L'),
('01840', '2019-06-24', 'Lia Yuliana', 'MSC & Engineering', 'P2', 'Indra Hermawan', '', 'Crew', 'VI', '14', 'Bekasi', '1995-05-25', '3216066409990014', 'L'),
('01881', '2016-07-01', 'Siti Nurbani', 'Sales', 'Sales', 'Filipus', '', 'Crew', 'VI', '14', 'Pontianak', '1985-08-17', '6171035708850009', 'L'),
('01893', '2018-10-08', 'Nova Nilasari', 'Sales', 'Sales', 'Rita', '', 'Crew', 'VI', '14', 'Jakarta', '1987-11-10', '3275015011870020', 'L'),
('01926', '2019-06-12', 'Silvia Dwi Sulistyowati', 'Product Development', 'Product Development', 'Christ Wina Dyah Ayu Maharani', '', 'Crew', 'VI', '14', 'Bekasi', '1998-08-13', '3216025312980003', 'L'),
('01939', '2019-06-12', 'Hikmah Puji Nur Fadillah', 'MSC & Engineering', 'P4', 'Hasanudin', '', 'Crew', 'VI', '14', 'Bekasi', '1993-12-05', '3216064512930017', 'L'),
('01961', '2016-09-05', 'Yuni Siska', 'Sales', 'Sales', 'Franky R. Koroh', '', 'Crew', 'VI', '14', 'Bekasi', '1990-06-01', '3216064106900020', 'L'),
('01966', '2019-06-13', 'Latif Nian Cahyo', 'MSC & Engineering', 'P4', 'Hasanudin', '', 'Crew', 'VI', '14', 'Bekasi', '1992-12-19', '3304041912920003', 'L'),
('01973', '2016-09-22', 'Muhamad Rizki', 'MSC & Engineering', 'QC System', 'Farastika Amalia/Nuryanto', '', 'Crew', 'VI', '12', 'Bekasi', '1988-11-18', '3175061811880011', 'L'),
('01977', '2019-06-12', 'Suci Mega Saputri', 'Product Development', 'Product Development', 'Christ Wina Dyah Ayu Maharani', '', 'Crew', 'VI', '14', 'Bekasi', '1990-05-25', '3275096505900015', 'L'),
('01981', '2019-06-12', 'Saheri', 'MSC & Engineering', 'Engineering', 'Misno Yulianto', '', 'Crew', 'VI', '14', 'Bekasi', '1978-02-12', '3275041202800017', 'L'),
('01982', '2019-06-13', 'Marudin', 'MSC & Engineering', 'QC System', 'Wawan Hermawan', '', 'Crew', 'VI', '14', 'Bekasi', '1982-07-04', '3216070407820010', 'L'),
('01985', '2016-11-03', 'Agus', 'Sales', 'Sales', 'Setyo Nugroho', '', 'Crew', 'VI', '14', 'Tangerang', '1989-05-25', '3671012505890004', 'L'),
('02014', '2019-06-13', 'Sulaiman Mubarok', 'MSC & Engineering', 'QC System', 'Wawan Hermawan', '', 'Crew', 'VI', '14', 'Bekasi', '1984-10-15', '3302041510840001', 'L'),
('02038', '2019-06-13', 'Anwar', 'MSC & Engineering', 'P3', 'Tuni', '', 'Crew', 'VI', '14', 'Bekasi', '1988-12-05', '3216070512880009', 'L'),
('02048', '2019-06-10', 'Marudin Hidayatulloh', 'Human Capital Management', 'Human Capital Management', 'Jefri Aprianto', '', 'Crew', 'VI', '14', 'Bekasi', '1993-04-26', '3216052604940004', 'L'),
('02064', '2017-01-30', 'Darul Setiawan', 'Sales', 'Sales', 'Franky R. Koroh', '', 'Crew', 'VI', '14', 'Bekasi', '1996-10-13', '1801131310960005', 'L'),
('02070', '2019-06-13', 'Leny Ekowati', 'MSC & Engineering', 'QC System', 'Nela Handayani', '', 'Crew', 'VI', '14', 'Bekasi', '1989-01-07', '3324094701890001', 'L'),
('02113', '2019-06-24', 'Dendi Permadi', 'MSC & Engineering', 'P4', 'Hasanudin', '', 'Crew', 'VI', '14', 'Bekasi', '1987-12-27', '3275012712870017', 'L'),
('02141', '2019-12-16', 'Muhammad Amin Fauzi', 'MSC & Engineering', 'P3', 'Tuni', '', 'Crew', 'VI', '14', 'Bekasi', '1995-09-13', '3308131309950003', 'L'),
('02144', '2019-06-12', 'Nentih Nuryani', 'MSC & Engineering', 'P4', 'Hasanudin', '', 'Crew', 'VI', '14', 'Bekasi', '1985-10-23', '3216066310850008', 'L'),
('02150', '2019-12-03', 'Irpan', 'MSC & Engineering', 'PP3', 'Sri Rahayu', '', 'Crew', 'VI', '14', 'Bekasi', '1995-12-29', '3216032912950001', 'L'),
('02156', '2019-11-21', 'Erlangga Yusuf Laksono', 'MSC & Engineering', 'P4', 'Hasanudin', '', 'Crew', 'VI', '14', 'Bekasi', '1996-05-06', '3327130605960007', 'L'),
('02163', '2019-07-01', 'Nur Aidha', 'MSC & Engineering', 'P4', 'Hasanudin', '', 'Crew', 'VI', '14', 'Bekasi', '1992-06-09', '3310094106920001', 'L'),
('02167', '2019-06-13', 'Mat Supriyadi', 'MSC & Engineering', 'P4', 'Hasanudin', '', 'Crew', 'VI', '14', 'Bekasi', '1996-03-06', '1603130603960002', 'L'),
('02177', '2019-06-12', 'Rustinah', 'MSC & Engineering', 'P4', 'Hasanudin', '', 'Crew', 'VI', '14', 'Bekasi', '1993-04-25', '3216066504930006', 'L'),
('02182', '2019-06-12', 'Ois Safitri', 'MSC & Engineering', 'P4', 'Hasanudin', '', 'Crew', 'VI', '14', 'Bekasi', '1989-05-02', '3216064205890011', 'L'),
('02206', '2019-07-01', 'Sundari Eka Suseno', 'MSC & Engineering', 'P4', 'Hasanudin', '', 'Crew', 'VI', '14', 'Bekasi', '1995-01-05', '3275114501950006', 'L'),
('02237', '2019-06-13', 'Beni Susanto', 'MSC & Engineering', 'QC System', 'Nela Handayani', '', 'Crew', 'VI', '14', 'Bekasi', '1991-08-29', '3312082908910002', 'L'),
('02239', '2019-12-20', 'Maulana Ibrahim', 'MSC & Engineering', 'QC System', 'Nela Handayani', '', 'Crew', 'VI', '14', 'Bekasi', '1993-10-25', '3275032510930026', 'L'),
('02243', '2019-06-24', 'Cahyo Wirmansah', 'MSC & Engineering', 'P4', 'Hasanudin', '', 'Crew', 'VI', '14', 'Bekasi', '1989-07-18', '3216061807890007', 'L'),
('02268', '2019-11-26', 'Mustopa Maulana', 'MSC & Engineering', 'P1', 'Indra Hermawan', '', 'Crew', 'VI', '14', 'Bekasi', '1997-03-03', '3216050706960006', 'L'),
('02312', '2019-06-24', 'Renaldi', 'MSC & Engineering', 'PP2', 'Indra Hermawan', '', 'Crew', 'VI', '14', 'Bekasi', '1997-03-10', '3216031003970004', 'L'),
('02335', '2019-07-24', 'Riezfan Amradanizar', 'MSC & Engineering', 'MSC Pontianak', 'Sandi Destrian', '', 'Crew', 'VI', '14', 'Pontianak', '1994-08-14', '6171051408940007', 'L'),
('02346', '2019-06-24', 'Nurkholis Majid', 'MSC & Engineering', 'P4', 'Hasanudin', '', 'Crew', 'VI', '14', 'Bekasi', '1998-05-31', '3216033105980001', 'L'),
('02403', '2019-06-12', 'Andriansyah', 'MSC & Engineering', 'Engineering', 'Misno Yulianto', '', 'Crew', 'VI', '14', 'Bekasi', '1996-05-31', '3216053105960002', 'L'),
('02405', '2017-07-04', 'Nur Wachid', 'Sales', 'Sales', 'Yeni Kobaryanti', '', 'Crew', 'VI', '14', 'Kudus', '1989-05-15', '3318121505890004', 'L'),
('02417', '2019-05-31', 'Hamdan Alawi', 'MSC & Engineering', 'Engineering', 'Misno Yulianto', '', 'Crew', 'VI', '14', 'Bekasi', '1992-06-13', '3216061306920009', 'L'),
('02454', '2017-12-26', 'Hariyani Dewi', 'Sales', 'Sales', 'Setyo Nugroho', '', 'Crew', 'VI', '14', 'Tangerang', '1982-03-23', '3671096303820004', 'L'),
('02461', '2019-06-13', 'Hilman', 'MSC & Engineering', 'QC System', 'Nela Handayani', '', 'Crew', 'VI', '14', 'Bekasi', '1989-06-07', '3216060706890016', 'L'),
('02465', '2019-07-01', 'Siti Atikah', 'MSC & Engineering', 'P4', 'Hasanudin', '', 'Crew', 'VI', '14', 'Bekasi', '1999-08-24', '3216106408990002', 'L'),
('02466', '2019-06-12', 'Nurhalimah', 'MSC & Engineering', 'P4', 'Hasanudin', '', 'Crew', 'VI', '14', 'Bekasi', '1996-09-30', '3216057009960003', 'L'),
('02467', '2019-06-12', 'Anistia Krisnawati', 'MSC & Engineering', 'P4', 'Hasanudin', '', 'Crew', 'VI', '14', 'Bekasi', '1992-05-17', '3302265705920004', 'L'),
('02468', '2019-06-12', 'Hertanti', 'MSC & Engineering', 'P4', 'Hasanudin', '', 'Crew', 'VI', '14', 'Bekasi', '1991-01-30', '3312247001910001', 'L'),
('02469', '2019-06-24', 'Sanjaya', 'MSC & Engineering', 'P4', 'Hasanudin', '', 'Crew', 'VI', '14', 'Bekasi', '1997-07-01', '3215110107970059', 'L'),
('02497', '2019-11-26', 'Dodi Irawan', 'MSC & Engineering', 'PP3', 'Sri Rahayu', '', 'Crew', 'VI', '14', 'Bekasi', '1994-12-02', '3216020212940032', 'L'),
('02527', '2019-06-24', 'Napijay Kumar', 'MSC & Engineering', 'P4', 'Hasanudin', '', 'Crew', 'VI', '14', 'Bekasi', '1998-11-06', '3216051212940003', 'L'),
('02552', '2019-06-24', 'Paul Widorisman', 'MSC & Engineering', 'P4', 'Hasanudin', '', 'Crew', 'VI', '14', 'Bekasi', '1991-05-10', '1307031005910001', 'L');
INSERT INTO `karyawan` (`nik`, `tgl_masuk_kerja`, `nama_karyawan`, `divisi`, `departement`, `atasan`, `email`, `grade_title`, `grade`, `level`, `lokasi_kerja`, `tgl_lahir`, `no_ktp`, `sex`) VALUES
('02555', '2019-06-13', 'Busni Adi', 'MSC & Engineering', 'P4', 'Hasanudin', '', 'Crew', 'VI', '14', 'Bekasi', '1992-06-27', '1603181205900001', 'L'),
('02573', '2018-01-26', 'Pujiyati', 'Sales', 'Sales', 'Faizal Athhar', '', 'Crew', 'VI', '14', 'Tegal', '1989-03-05', '3376024503890004', 'L'),
('02575', '2018-01-26', 'Dian Puspita Sari', 'Sales', 'Sales', 'Agus Bumi Sambara', '', 'Crew', 'VI', '14', 'Surakarta', '1982-12-07', '3313094712820002', 'L'),
('02576', '2018-01-26', 'Widianingsih', 'Sales', 'Sales', 'Lia Karmila', '', 'Crew', 'VI', '14', 'Sukabumi', '1983-04-16', '3272075604830001', 'L'),
('02587', '2018-02-19', 'Siti Komalasari', 'Sales', 'Sales', 'Franky R. Koroh', '', 'Crew', 'VI', '14', 'Bekasi', '1985-08-29', '3175036908850004', 'L'),
('02589', '2019-06-10', 'Sanusi', 'Human Capital Management', 'Human Capital Management', 'Jefri Aprianto', '', 'Crew', 'VI', '14', 'Bekasi', '1994-06-18', '3275031806940014', 'L'),
('02592', '2019-06-12', 'Ridhia Gunawan', 'Product Development', 'Product Development', 'Christ Wina Dyah Ayu Maharani', '', 'Crew', 'VI', '14', 'Bekasi', '1997-05-20', '3216066005970032', 'L'),
('02593', '2019-11-26', 'Andika Tri Cahyo', 'MSC & Engineering', 'PP3', 'Sri Rahayu', '', 'Crew', 'VI', '14', 'Bekasi', '1988-02-29', '3216022802880007', 'L'),
('02597', '2019-06-17', 'Windy Pratiwi', 'MSC & Engineering', 'QC System', 'Wawan Hermawan', '', 'Crew', 'VI', '14', 'Bekasi', '1998-04-02', '3216074208980014', 'L'),
('02599', '2019-06-13', 'Gilang Widi Tama', 'MSC & Engineering', 'P4', 'Hasanudin', '', 'Crew', 'VI', '14', 'Bekasi', '1999-08-19', '3304071908990002', 'L'),
('02628', '2019-06-24', 'Aris Apriandi', 'MSC & Engineering', 'P4', 'Hasanudin', '', 'Crew', 'VI', '14', 'Bekasi', '1990-04-18', '3214041804900001', 'L'),
('02653', '2019-06-24', 'Anisah', 'MSC & Engineering', 'P1', 'Indra Hermawan', '', 'Crew', 'VI', '14', 'Bekasi', '1991-06-16', '3216065606910010', 'L'),
('02678', '2019-06-13', 'Kunan Hermawan', 'MSC & Engineering', 'P4', 'Hasanudin', '', 'Crew', 'VI', '14', 'Bekasi', '1981-01-01', '3216050101810005', 'L'),
('02680', '2019-06-13', 'Nur Ilham', 'MSC & Engineering', 'P4', 'Hasanudin', '', 'Crew', 'VI', '14', 'Bekasi', '1987-08-08', '3216060808870015', 'L'),
('02725', '2019-06-17', 'Yudi Setiawan', 'MSC & Engineering', 'P3', 'Tuni', '', 'Crew', 'VI', '14', 'Bekasi', '1998-07-18', '3216051307980005', 'L'),
('02747', '2019-06-24', 'Ali Wijaya', 'MSC & Engineering', 'P2', 'Indra Hermawan', '', 'Crew', 'VI', '14', 'Bekasi', '1996-06-19', '3216050507960003', 'L'),
('02757', '2019-07-01', 'Mita Anggraini', 'MSC & Engineering', 'P4', 'Hasanudin', '', 'Crew', 'VI', '14', 'Bekasi', '1996-12-22', '1612036212960001', 'L'),
('02759', '2019-06-24', 'Wahyudin', 'MSC & Engineering', 'P4', 'Hasanudin', '', 'Crew', 'VI', '14', 'Bekasi', '1996-06-25', '3216052506960002', 'L'),
('02763', '2019-11-21', 'Jeki Sri Susanto', 'MSC & Engineering', 'P4', 'Hasanudin', '', 'Crew', 'VI', '14', 'Bekasi', '1994-01-07', '1603130107940141', 'L'),
('02764', '2019-11-21', 'Dede Juharman', 'MSC & Engineering', 'P4', 'Hasanudin', '', 'Crew', 'VI', '14', 'Bekasi', '1994-01-01', '3216060101940029', 'L'),
('02776', '2019-06-28', 'Herudin', 'MSC & Engineering', 'QC System', 'Nela Handayani', '', 'Crew', 'VI', '14', 'Bekasi', '1995-12-22', '1802222111950002', 'L'),
('02798', '2019-06-13', 'Ahmad Sanusi', 'MSC & Engineering', 'PP3', 'Sri Rahayu', '', 'Crew', 'VI', '14', 'Bekasi', '1996-08-12', '3275111208960001', 'L'),
('02805', '2018-08-25', 'Daryati', 'Sales', 'Sales', 'Rachmat Hadi Saputra', '', 'Crew', 'VI', '14', 'Purwokerto', '1987-03-13', '3302225303870002', 'L'),
('02808', '2018-08-27', 'Yuli Hastutik', 'Sales', 'Sales', 'Agus Bumi Sambara', '', 'Crew', 'VI', '14', 'Solo', '1993-07-08', '3313054807930001', 'L'),
('02811', '2018-09-12', 'Imron Rosadi', 'Sales', 'Sales', 'Setyo Nugroho', '', 'Crew', 'VI', '14', 'Tangerang', '1996-02-06', '3275030502960009', 'L'),
('02812', '2018-09-13', 'Misan Hendrawan', 'MSC & Engineering', 'P3', 'Tuni', '', 'Crew', 'VI', '12', 'Bekasi', '1986-06-13', '3216031306860007', 'L'),
('02813', '2019-06-13', 'Sachrul Akbar', 'MSC & Engineering', 'QC System', 'Farastika Amalia/Nuryanto', '', 'Crew', 'VI', '14', 'Bekasi', '1994-06-06', '3175060606940007', 'L'),
('02822', '2019-06-10', 'Sherlynda Banawati', 'Product Development', 'Product Development', 'Christ Wina Dyah Ayu Maharani', '', 'Crew', 'VI', '14', 'Bekasi', '1999-12-16', '3275025612990017', 'L'),
('02824', '2018-10-08', 'Imam Setyo Raharjo', 'MSC & Engineering', 'P4', 'Hasanudin', '', 'Crew', 'VI', '12', 'Bekasi', '1992-06-03', '3313110306920004', 'L'),
('02825', '2018-10-08', 'Baihaqi', 'MSC & Engineering', 'PP3', 'Sri Rahayu', '', 'Crew', 'VI', '12', 'Bekasi', '1985-03-02', '3216090203850008', 'L'),
('02826', '2018-10-08', 'Lukman', 'MSC & Engineering', 'P4', 'Hasanudin', '', 'Crew', 'VI', '12', 'Bekasi', '1990-07-01', '3305150107900021', 'L'),
('02839', '2018-11-13', 'Irwan Prastowo', 'Sales', 'Sales', 'Franky R. Koroh', '', 'Crew', 'VI', '14', 'Bekasi', '1985-08-14', '3175091408850004', 'L'),
('02846', '2018-11-27', 'Nitro Januari Panjaitan', 'Sales', 'Sales', 'Setyo Nugroho', '', 'Crew', 'VI', '14', 'Tangerang', '1990-01-14', '3216101401900002', 'L'),
('02847', '2019-06-13', 'Angga Sulthonika S', 'MSC & Engineering', 'PP4', 'Hasanudin', '', 'Crew', 'VI', '14', 'Bekasi', '1991-08-05', '3305140508910001', 'L'),
('02859', '2019-01-14', 'Lindri Sucianto', 'Sales', 'Sales', 'Ap Indra Jaya', '', 'Crew', 'VI', '14', 'Yogyakarta', '1993-04-23', '3404022304930002', 'L'),
('02860', '2019-06-24', 'Indra Wijaya', 'MSC & Engineering', 'QC System', 'Nela Handayani', '', 'Crew', 'VI', '14', 'Bekasi', '1990-01-09', '3275110901900004', 'L'),
('02861', '2019-12-09', 'Reka Naftalia', 'Product Development', 'Product Development', 'Yayuk Lestari', '', 'Crew', 'VI', '14', 'Bekasi', '2000-02-02', '3171084202000001', 'L'),
('02862', '2019-01-15', 'Helaria Ratna Puspitasari', 'Sales', 'Sales', 'Wawan Hermawan (HOA)', '', 'Crew', 'VI', '14', 'Semarang', '1988-10-21', '3374156110880001', 'L'),
('02863', '2019-06-17', 'Ramih Dewi Astuti', 'Product Development', 'Product Development', 'Christ Wina Dyah Ayu Maharani', '', 'Crew', 'VI', '14', 'Bekasi', '1995-07-19', '3216075907950003', 'L'),
('02865', '2019-06-19', 'Uyung Ahmadi', 'MSC & Engineering', 'QC System', 'Farastika Amalia/Nuryanto', '', 'Crew', 'VI', '14', 'Bekasi', '1995-03-12', '3275020312950013', 'L'),
('02867', '2019-06-24', 'Arif Budiman', 'MSC & Engineering', 'QC System', 'Nela Handayani', '', 'Crew', 'VI', '14', 'Bekasi', '1992-02-22', '3216062202920012', 'L'),
('02870', '2019-01-28', 'Farida Iswanti', 'Sales', 'Sales', 'Lia Karmila', '', 'Crew', 'VI', '14', 'Cianjur', '1993-04-19', '3203015904930004', 'L'),
('02871', '2019-01-29', 'Harmedi Lingga', 'Sales', 'Sales', 'Franky R. Koroh', '', 'Crew', 'VI', '14', 'Bekasi', '1991-11-02', '3275120211910004', 'L'),
('02872', '2019-06-13', 'Alfi Safitri', 'MSC & Engineering', 'QC System', 'Farastika Amalia/Nuryanto', '', 'Crew', 'VI', '14', 'Bekasi', '2000-05-23', '3309186305000001', 'L'),
('02874', '2019-11-21', 'Dicky Permana Putra', 'MSC & Engineering', 'P4', 'Hasanudin', '', 'Crew', 'VI', '14', 'Bekasi', '2000-05-11', '3216051105000002', 'L'),
('02875', '2019-06-24', 'Devi Iskandar', 'MSC & Engineering', 'P4', 'Hasanudin', '', 'Crew', 'VI', '14', 'Bekasi', '1985-07-10', '1603131007850002', 'L'),
('02876', '2019-06-24', 'Adam Nugraha Saputra', 'MSC & Engineering', 'P4', 'Hasanudin', '', 'Crew', 'VI', '14', 'Bekasi', '1997-04-05', '3205310504970003', 'L'),
('02877', '2019-06-12', 'Priyono', 'MSC & Engineering', 'Supply Chain', 'Dian Yuliandi', '', 'Crew', 'VI', '14', 'Bekasi', '1990-11-17', '3316081711900001', 'L'),
('02878', '2019-12-16', 'Pazria Suwandi', 'MSC & Engineering', 'P3', 'Tuni', '', 'Crew', 'VI', '14', 'Bekasi', '1993-09-07', '3216160709930005', 'L'),
('02881', '2019-02-14', 'Femelya Evawati', 'Sales', 'Sales', 'Cipto Utomo', '', 'Crew', 'VI', '14', 'Jember', '1988-07-21', '3509206107860002', 'L'),
('02887', '2019-03-01', 'Widhea Agustine Indriyati', 'Sales', 'Sales', 'Amsar Juarsa', '', 'Crew', 'VI', '14', 'Cirebon', '1995-08-19', '3209055908950002', 'L'),
('02888', '2019-03-01', 'Dinar Namin', 'MSC & Engineering', 'P4', 'Hasanudin', '', 'Crew', 'VI', '12', 'Bekasi', '1992-01-12', '3215050112920005', 'L'),
('02891', '2019-11-21', 'Evandra', 'MSC & Engineering', 'P4', 'Hasanudin', '', 'Crew', 'VI', '14', 'Bekasi', '1994-01-01', '1603130101940003', 'L'),
('02893', '2019-11-26', 'Firlana Abun Fajrin', 'MSC & Engineering', 'P4', 'Hasanudin ', '', 'Crew', 'VI', '14', 'Bekasi', '1996-01-18', '3328111801960002', 'L'),
('02894', '2019-06-24', 'Ardo Santoso', 'MSC & Engineering', 'P4', 'Hasanudin', '', 'Crew', 'VI', '14', 'Bekasi', '1999-01-28', '1603132801990001', 'L'),
('02895', '2019-06-24', 'Herman Doyok', 'MSC & Engineering', 'P4', 'Hasanudin', '', 'Crew', 'VI', '14', 'Bekasi', '2000-04-18', '1603131804000001', 'L'),
('02896', '2019-06-17', 'Anton Sugiyanto', 'MSC & Engineering', 'P4', 'Hasanudin', '', 'Crew', 'VI', '14', 'Bekasi', '1990-08-24', '3303062408900002', 'L'),
('02902', '2019-06-24', 'Tisna Dwi Wibowo', 'MSC & Engineering', 'P4', 'Hasanudin', '', 'Crew', 'VI', '14', 'Bekasi', '1995-02-04', '3216060402950013', 'L'),
('02903', '2019-06-24', 'Jaya Nurdin', 'MSC & Engineering', 'P4', 'Hasanudin', '', 'Crew', 'VI', '14', 'Bekasi', '1991-08-25', '3216062508910009', 'L'),
('02908', '2019-06-12', 'Novi Yuliyanti', 'MSC & Engineering', 'P4', 'Hasanudin', '', 'Crew', 'VI', '14', 'Bekasi', '1999-07-07', '3216064707990023', 'L'),
('02909', '2019-06-24', 'Tri Juni Anggoro', 'MSC & Engineering', 'P4', 'Hasanudin', '', 'Crew', 'VI', '14', 'Bekasi', '1997-06-24', '3305122406970006', 'L'),
('02910', '2019-06-24', 'Hariyana ', 'MSC & Engineering', 'PP2', 'Indra Hermawan', '', 'Crew', 'VI', '14', 'Bekasi', '1991-01-23', '3404132301910001', 'L'),
('02913', '2019-06-23', 'Nur Hajiman Solehah', 'MSC & Engineering', 'P1', 'Indra Hermawan', '', 'Crew', 'VI', '14', 'Bekasi', '1994-05-21', '3403132105940001', 'L'),
('02914', '2019-11-21', 'Muhamadin Pardiansyah', 'MSC & Engineering', 'P4', 'Hasanudin', '', 'Crew', 'VI', '14', 'Bekasi', '2000-04-19', '3216051904000003', 'L'),
('02917', '2019-06-24', 'Kiki Widya Sari', 'MSC & Engineering', 'QC System', 'Farastika Amalia/Nuryanto', '', 'Crew', 'VI', '14', 'Bekasi', '1999-03-23', '3216056305990004', 'L'),
('02923', '2019-03-08', 'Yoga Prasetio', 'Sales', 'Sales', 'Setyo Nugroho', '', 'Crew', 'VI', '14', 'Tangerang', '1997-02-28', '3216072802970005', 'L'),
('02945', '2019-06-17', 'Amaylia Sari', 'Product Development', 'Product Development', 'Christ Wina Dyah Ayu Maharani', '', 'Crew', 'VI', '14', 'Bekasi', '1998-05-11', '3304055105980004', 'L'),
('02961', '2019-12-17', 'Zulian Prasetyo', 'MSC & Engineering', 'PP3', 'Sri Rahayu', '', 'Crew', 'VI', '14', 'Bekasi', '1999-07-27', '3216052707980002', 'L'),
('02965', '2019-06-23', 'Novianti', 'MSC & Engineering', 'P1', 'Indra Hermawan', '', 'Crew', 'VI', '14', 'Bekasi', '1996-07-27', '3216066707960008', 'L'),
('02966', '2019-06-23', 'Anita', 'MSC & Engineering', 'P1', 'Indra Hermawan', '', 'Crew', 'VI', '14', 'Bekasi', '1990-08-18', '3216065808900023', 'L'),
('02975', '2019-06-24', 'Eki Martiningsih', 'MSC & Engineering', 'P1', 'Indra Hermawan', '', 'Crew', 'VI', '14', 'Bekasi', '1998-04-07', '3302204704960002', 'L'),
('02978', '2019-12-04', 'Afla Sulthan Rafi Alfadly', 'MSC & Engineering', 'PP3', 'Sri Rahayu', '', 'Crew', 'VI', '14', 'Bekasi', '2000-11-13', '3275111311000004', 'L'),
('02985', '2019-11-27', 'Juliyanto', 'MSC & Engineering', 'PP3', 'Sri Rahayu', '', 'Crew', 'VI', '14', 'Bekasi', '1999-06-07', '3216060706990021', 'L'),
('02999', '2019-11-26', 'Muhamad Indra Andriansyah', 'MSC & Engineering', 'PP3', 'Sri Rahayu', '', 'Crew', 'VI', '14', 'Bekasi', '2001-08-13', '3216061308010006', 'L'),
('03016', '2019-06-12', 'Yeti Suryani', 'MSC & Engineering', 'P4', 'Hasanudin', '', 'Crew', 'VI', '14', 'Bekasi', '2000-09-30', '3208157009000001', 'L'),
('03017', '2019-07-01', 'Emi Mintarsih', 'MSC & Engineering', 'P4', 'Hasanudin', '', 'Crew', 'VI', '14', 'Bekasi', '1981-02-28', '3216066802810017', 'L'),
('03019', '2019-11-21', 'Anwar Ibrahim', 'MSC & Engineering', 'P4', 'Hasanudin', '', 'Crew', 'VI', '14', 'Bekasi', '2000-08-10', '3216021008000014', 'L'),
('03023', '2019-04-18', 'Dayatno', 'Human Capital Management', 'Human Capital Management', 'Noer Riza', '', 'Crew', 'VI', '14', 'Bekasi', '1991-01-15', '3329081501910007', 'L'),
('03030', '2019-05-14', 'Taufiqur Rohman', 'Sales', 'Sales', 'Setyo Nugroho', '', 'Crew', 'VI', '14', 'Tangerang', '1996-09-11', '3521021109960001', 'L'),
('03032', '2019-05-21', 'Sri Wahyuni', 'Sales', 'Sales', 'Anas Joenaedi', '', 'Crew', 'VI', '14', 'Malang', '1987-05-31', '3507196611850001', 'L'),
('03038', '2019-06-25', 'Anggy Febryana', 'MSC & Engineering', 'P4', 'Hasanudin', '', 'Crew', 'VI', '14', 'Bekasi', '1990-02-19', '3216061902900013', 'L'),
('03039', '2019-06-26', 'Tomi Marganda', 'Sales', 'Sales', 'Franky R. Koroh', '', 'Crew', 'VI', '14', 'Bekasi', '1992-09-09', '3172040909920005', 'L'),
('03042', '2019-07-04', 'Hendrig Waluyo', 'Sales', 'Sales', 'Setyo Nugroho', '', 'Crew', 'VI', '14', 'Tangerang', '1984-04-09', '3572020904840001', 'L'),
('03043', '2019-07-12', 'Nisa Baasit', 'Sales', 'Sales', 'Awan Akhadi', '', 'Crew', 'VI', '14', 'Tasikmalaya', '1995-07-08', '3278014607950007', 'L'),
('03047', '2019-07-22', 'Arum Wijiati', 'Sales', 'Sales', 'Franky R. Koroh', '', 'Crew', 'VI', '14', 'Bekasi', '1983-03-23', '3275046303830029', 'L'),
('03048', '2019-07-29', 'Syahrul Hamdani', 'Marketing', 'Marketing', 'Leo Wibowo', '', 'Crew', 'VI', '14', 'Bekasi', '1978-09-19', '3275021909780011', 'L'),
('03054', '2019-08-03', 'Indah Lestari', 'MSC & Engineering', 'QC System', 'Farastika Amalia/Nuryanto', '', 'Crew', 'VI', '14', 'Bekasi', '2001-01-07', '3323034701010005', 'L'),
('03060', '2019-08-22', 'Yoga Ilham Ramadan', 'Human Capital Management', 'Human Capital Management', 'Noer Riza', '', 'Crew', 'VI', '14', 'Bekasi', '1999-01-01', '3502110101990003', 'L'),
('03062', '2019-08-28', 'Haikal Bahjah', 'MSC & Engineering', 'Engineering', 'Misno Yulianto', '', 'Crew', 'VI', '14', 'Bekasi', '1996-07-01', '3212080107960002', 'L'),
('03066', '2019-09-03', 'Nadhif Kevin Akbar', 'MSC & Engineering', 'QC System', 'Mulyani M', '', 'Crew', 'VI', '14', 'Bekasi', '2000-04-27', '3275112704000002', 'L'),
('03077', '2019-10-03', 'Holit Habibi', 'Sales', 'Sales', 'Franky R. Koroh', '', 'Crew', 'VI', '14', 'Bekasi', '1989-11-16', '3216061611890010', 'L'),
('03078', '2019-10-09', 'Zulkifli', 'MSC & Engineering', 'Engineering', 'Misno Yulianto', '', 'Crew', 'VI', '14', 'Bekasi', '1995-05-16', '1304021605950001', 'L'),
('03080', '2019-10-14', 'Etik Winarsih', 'Product Development', 'Product Development', 'Christ Wina Dyah Ayu Maharani', '', 'Crew', 'VI', '14', 'Bekasi', '2000-12-09', '3313014912000001', 'L'),
('03084', '2019-10-21', 'Iwan Suandi', 'MSC & Engineering', 'Engineering', 'Misno Yulianto', '', 'Crew', 'VI', '14', 'Bekasi', '1983-11-11', '3202141111820005', 'L'),
('03086', '2019-11-01', 'Yogi Subhawanur', 'MSC & Engineering', 'Engineering', 'Misno Yulianto', '', 'Crew', 'VI', '14', 'Bekasi', '1995-10-14', '3207021410950001', 'L'),
('03087', '2019-11-06', 'Imam Fadli', 'Product Development', 'Product Development', 'Christ Wina Dyah Ayu Maharani', '', 'Crew', 'VI', '14', 'Bekasi', '1999-03-08', '3275020803990007', 'L'),
('03089', '2019-11-12', 'Rosanih', 'Sales', 'Sales', 'Setyo Nugroho', '', 'Crew', 'VI', '14', 'Tangerang', '1976-09-16', '3174105609760006', 'L'),
('03091', '2019-11-18', 'Solihin', 'Sales', 'Sales', 'Franky R. Koroh', '', 'Crew', 'VI', '14', 'Bekasi', '1991-02-07', '3275010702910027', 'L'),
('03092', '2019-11-21', 'Saepul Anwar', 'MSC & Engineering', 'P4', 'Hasanudin', '', 'Crew', 'VI', '14', 'Bekasi', '1999-01-02', '3203120201990007', 'L'),
('03093', '2019-11-21', 'Todoan Edy Saputra Simamora', 'MSC & Engineering', 'P4', 'Hasanudin', '', 'Crew', 'VI', '14', 'Bekasi', '1990-04-26', '1223042604900001', 'L'),
('03094', '2019-11-25', 'Miky Wijanarko', 'Human Capital Management', 'Human Capital Management', 'Noer Riza', '', 'Crew', 'VI', '14', 'Bekasi', '1984-06-11', '3174021106840006', 'L'),
('03095', '2019-11-26', 'Rangga Maulana', 'MSC & Engineering', 'P4', 'Hasanudin ', '', 'Crew', 'VI', '14', 'Bekasi', '1989-10-27', '3216062710890018', 'L'),
('03096', '2019-11-26', 'Yulimarni', 'Sales', 'Sales', 'Nova Yurni Basyir', '', 'Crew', 'VI', '14', 'Pekanbaru', '1995-07-17', '1371025707950005', 'L'),
('03097', '2019-11-26', 'Rika Susanti', 'Sales', 'Sales', 'Nova Yurni Basyir', '', 'Crew', 'VI', '14', 'Pekanbaru', '1985-01-29', '1471086901850021', 'L'),
('03098', '2019-11-27', 'Darsono', 'Sales', 'Sales', 'Setyo Nugroho', '', 'Crew', 'VI', '14', 'Tangerang', '1984-06-27', '3671012706840001', 'L'),
('03100', '2019-12-02', 'Darus Ganti Islami', 'Sales', 'Sales', 'Martoni', '', 'Crew', 'VI', '14', 'Bukit tinggi', '1998-09-02', '1306074209980001', 'L'),
('03101', '2019-12-06', 'Muhammad Syahril', 'Sales', 'Sales', 'Rita', '', 'Crew', 'VI', '14', 'Bekasi', '2000-04-15', '3175061504000013', 'L'),
('03104', '2019-12-12', 'Irfan Supriyadi', 'MSC & Engineering', 'Engineering', 'Misno Yuliyanto', '', 'Crew', 'VI', '14', 'Bekasi', '2000-07-30', '3216063007000002', 'L'),
('03105', '2019-12-13', 'Ahmad Muzaini', 'Sales', 'Sales', 'Rita', '', 'Crew', 'VI', '14', 'Bekasi', '1993-11-25', '3201102511930001', 'L'),
('03106', '2019-12-16', 'Bayu Saputro', 'Sales', 'Sales', 'Setyo Nugroho', '', 'Crew', 'VI', '14', 'Tangerang', '1991-10-29', '3603122910910001', 'L'),
('03107', '2019-12-17', 'Ivan Farhadi', 'MSC & Engineering', 'PP3', 'Sri Rahayu', '', 'Crew', 'VI', '14', 'Bekasi', '1995-12-06', '3216100612950004', 'L'),
('03108', '2019-12-17', 'Tomi', 'MSC & Engineering', 'PP3', 'Sri Rahayu', '', 'Crew', 'VI', '14', 'Bekasi', '1999-07-02', '3212311502990001', 'L'),
('03109', '2019-12-17', 'Dora Saputra', 'MSC & Engineering', 'PP3', 'Sri Rahayu', '', 'Crew', 'VI', '14', 'Bekasi', '1999-10-28', '3216182810990008', 'L'),
('03110', '2019-12-17', 'Tobi Apriyansyah', 'MSC & Engineering', 'PP3', 'Sri Rahayu', '', 'Crew', 'VI', '14', 'Bekasi', '2000-11-21', '3275052111000018', 'L'),
('03111', '2019-12-17', 'Rionaldi', 'MSC & Engineering', 'PP3', 'Sri Rahayu', '', 'Crew', 'VI', '14', 'Bekasi', '1995-01-01', '3216030101950009', 'L'),
('03112', '2019-12-17', 'Muhammad Rifki Maulana', 'MSC & Engineering', 'PP3', 'Sri Rahayu', '', 'Crew', 'VI', '14', 'Bekasi', '1996-07-27', '3216032707960005', 'L'),
('03113', '2019-12-17', 'Lugiatno', 'MSC & Engineering', 'PP3', 'Sri Rahayu', '', 'Crew', 'VI', '14', 'Bekasi', '1999-02-09', '3216032104900003', 'L'),
('03114', '2019-12-17', 'Riki', 'MSC & Engineering', 'P3', 'Tuni', '', 'Crew', 'VI', '14', 'Bekasi', '1999-08-04', '3215070708990002', 'L'),
('03115', '2019-12-18', 'Syaiful Anwar', 'MSC & Engineering', 'PP3', 'Sri Rahayu', '', 'Crew', 'VI', '14', 'Bekasi', '1999-11-30', '3216103011990002', 'L'),
('03116', '2019-12-18', 'Abdul Latif', 'MSC & Engineering', 'PP3', 'Sri Rahayu', '', 'Crew', 'VI', '14', 'Bekasi', '1995-03-01', '3216090103950008', 'L'),
('03117', '2019-12-18', 'Dede Supriatna', 'MSC & Engineering', 'PP3', 'Sri Rahayu', '', 'Crew', 'VI', '14', 'Bekasi', '1992-05-02', '3216080205920013', 'L'),
('03118', '2019-12-19', 'Johanes Subakti', 'MSC & Engineering', 'Supply Chain', 'Dian Yuliandi', '', 'Crew', 'VI', '14', 'Bekasi', '1998-01-06', '3216060601980010', 'L'),
('03120', '2019-12-20', 'Darsah Winjaya', 'Sales', 'Sales', 'Setyo Nugroho', '', 'Crew', 'VI', '14', 'Tangerang', '1989-07-21', '3671012107890002', 'L'),
('03121', '2019-12-20', 'Maulana Abdulah', 'MSC & Engineering', 'PP3', 'Sri Rahayu', '', 'Crew', 'VI', '14', 'Bekasi', '1999-05-13', '3216061305990024', 'L'),
('03122', '2019-12-20', 'Dian Purnomo', 'MSC & Engineering', 'PP3', 'Sri Rahayu', '', 'Crew', 'VI', '14', 'Bekasi', '1994-04-25', '3216062504940007', 'L'),
('03123', '2019-12-27', 'Siti Romlah', 'Sales', 'Sales', 'Hadi', '', 'Crew', 'VI', '14', 'Bekasi', '1980-10-02', '3173075002800005', 'L'),
('03124', '2019-12-30', 'Muhamad Diki Supratman', 'MSC & Engineering', 'P3', 'Tuni', '', 'Crew', 'VI', '14', 'Bekasi', '1994-12-02', '3275010212960012', 'L'),
('03125', '2019-12-30', 'Alfin Zaky Mubarok', 'MSC & Engineering', 'P3', 'Tuni', '', 'Crew', 'VI', '14', 'Bekasi', '1996-02-20', '3328092002960005', 'L');

-- --------------------------------------------------------

--
-- Struktur dari tabel `saldo_cuti`
--

CREATE TABLE `saldo_cuti` (
  `id_saldo_cuti` int(11) NOT NULL,
  `nik` varchar(100) NOT NULL,
  `saldo_cuti` int(100) NOT NULL,
  `cuti_terpakai` int(100) NOT NULL,
  `saldo_minus` int(100) NOT NULL,
  `tahun` text NOT NULL
) ENGINE=InnoDB DEFAULT CHARSET=latin1;

--
-- Dumping data untuk tabel `saldo_cuti`
--

INSERT INTO `saldo_cuti` (`id_saldo_cuti`, `nik`, `saldo_cuti`, `cuti_terpakai`, `saldo_minus`, `tahun`) VALUES
(12410, '00004', 12, 0, 0, '2020'),
(12411, '00005', 12, 0, 0, '2020'),
(12412, '00006', 12, 0, 0, '2020'),
(12413, '00007', 12, 0, 0, '2020'),
(12414, '00009', 12, 0, 0, '2020'),
(12415, '00010', 12, 0, 0, '2020'),
(12416, '00011', 12, 0, 0, '2020'),
(12417, '00012', 12, 0, 0, '2020'),
(12418, '00013', 12, 0, 0, '2020'),
(12419, '00022', 12, 0, 0, '2020'),
(12420, '00030', 12, 0, 0, '2020'),
(12421, '00033', 12, 0, 0, '2020'),
(12422, '00034', 12, 0, 0, '2020'),
(12423, '00035', 12, 0, 0, '2020'),
(12424, '00037', 12, 0, 0, '2020'),
(12425, '00038', 12, 0, 0, '2020'),
(12426, '00040', 12, 0, 0, '2020'),
(12427, '00041', 12, 0, 0, '2020'),
(12428, '00044', 12, 0, 0, '2020'),
(12429, '00045', 12, 0, 0, '2020'),
(12430, '00047', 12, 0, 0, '2020'),
(12431, '00048', 12, 0, 0, '2020'),
(12432, '00049', 12, 0, 0, '2020'),
(12433, '00050', 12, 0, 0, '2020'),
(12434, '00051', 12, 0, 0, '2020'),
(12435, '00055', 12, 0, 0, '2020'),
(12436, '00056', 12, 0, 0, '2020'),
(12437, '00058', 12, 0, 0, '2020'),
(12438, '00059', 12, 0, 0, '2020'),
(12439, '00060', 12, 0, 0, '2020'),
(12440, '00063', 12, 0, 0, '2020'),
(12441, '00064', 12, 0, 0, '2020'),
(12442, '00065', 12, 0, 0, '2020'),
(12443, '00068', 12, 0, 0, '2020'),
(12444, '00070', 12, 0, 0, '2020'),
(12445, '00071', 12, 0, 0, '2020'),
(12446, '00082', 12, 0, 0, '2020'),
(12447, '00083', 12, 0, 0, '2020'),
(12448, '00084', 12, 0, 0, '2020'),
(12449, '00086', 12, 0, 0, '2020'),
(12450, '00087', 12, 0, 0, '2020'),
(12451, '00088', 12, 0, 0, '2020'),
(12452, '00093', 12, 0, 0, '2020'),
(12453, '00097', 12, 0, 0, '2020'),
(12454, '00099', 12, 0, 0, '2020'),
(12455, '00100', 12, 0, 0, '2020'),
(12456, '00101', 12, 0, 0, '2020'),
(12457, '00108', 12, 0, 0, '2020'),
(12458, '00115', 12, 0, 0, '2020'),
(12459, '00116', 12, 0, 0, '2020'),
(12460, '00126', 12, 0, 0, '2020'),
(12461, '00134', 12, 0, 0, '2020'),
(12462, '00142', 12, 0, 0, '2020'),
(12463, '00154', 12, 0, 0, '2020'),
(12464, '00159', 12, 0, 0, '2020'),
(12465, '00166', 12, 0, 0, '2020'),
(12466, '00167', 12, 0, 0, '2020'),
(12467, '00178', 12, 0, 0, '2020'),
(12468, '00179', 12, 0, 0, '2020'),
(12469, '00188', 12, 0, 0, '2020'),
(12470, '00189', 12, 0, 0, '2020'),
(12471, '00195', 12, 0, 0, '2020'),
(12472, '00199', 12, 0, 0, '2020'),
(12473, '00206', 12, 0, 0, '2020'),
(12474, '00233', 12, 0, 0, '2020'),
(12475, '00260', 12, 0, 0, '2020'),
(12476, '00296', 0, 0, 0, '2020'),
(12477, '00298', 0, 0, 0, '2020'),
(12478, '00299', 12, 0, 0, '2020'),
(12479, '00300', 0, 0, 0, '2020'),
(12480, '00301', 0, 0, 0, '2020'),
(12481, '00302', 0, 0, 0, '2020'),
(12482, '00303', 0, 0, 0, '2020'),
(12483, '00304', 0, 0, 0, '2020'),
(12484, '00305', 0, 0, 0, '2020'),
(12485, '00306', 0, 0, 0, '2020'),
(12486, '00307', 0, 0, 0, '2020'),
(12487, '00308', 0, 0, 0, '2020'),
(12488, '00309', 0, 0, 0, '2020'),
(12489, '00310', 0, 0, 0, '2020'),
(12490, '00312', 0, 0, 0, '2020'),
(12491, '00313', 0, 0, 0, '2020'),
(12492, '00314', 0, 0, 0, '2020'),
(12493, '00318', 12, 0, 0, '2020'),
(12494, '00320', 0, 0, 0, '2020'),
(12495, '00323', 0, 0, 0, '2020'),
(12496, '00326', 0, 0, 0, '2020'),
(12497, '00328', 0, 0, 0, '2020'),
(12498, '00332', 0, 0, 0, '2020'),
(12499, '00333', 0, 0, 0, '2020'),
(12500, '00335', 0, 0, 0, '2020'),
(12501, '00337', 0, 0, 0, '2020'),
(12502, '00338', 0, 0, 0, '2020'),
(12503, '00344', 0, 0, 0, '2020'),
(12504, '00345', 0, 0, 0, '2020'),
(12505, '00346', 0, 0, 0, '2020'),
(12506, '00348', 0, 0, 0, '2020'),
(12507, '00351', 0, 0, 0, '2020'),
(12508, '00353', 0, 0, 0, '2020'),
(12509, '00354', 0, 0, 0, '2020'),
(12510, '00355', 0, 0, 0, '2020'),
(12511, '00356', 0, 0, 0, '2020'),
(12512, '00357', 0, 0, 0, '2020'),
(12513, '00361', 0, 0, 0, '2020'),
(12514, '00363', 0, 0, 0, '2020'),
(12515, '00366', 0, 0, 0, '2020'),
(12516, '00368', 0, 0, 0, '2020'),
(12517, '00371', 0, 0, 0, '2020'),
(12518, '00372', 12, 0, 0, '2020'),
(12519, '00375', 0, 0, 0, '2020'),
(12520, '00378', 0, 0, 0, '2020'),
(12521, '00379', 0, 0, 0, '2020'),
(12522, '00380', 0, 0, 0, '2020'),
(12523, '00382', 0, 0, 0, '2020'),
(12524, '00383', 0, 0, 0, '2020'),
(12525, '00384', 0, 0, 0, '2020'),
(12526, '00385', 0, 0, 0, '2020'),
(12527, '00387', 0, 0, 0, '2020'),
(12528, '00389', 0, 0, 0, '2020'),
(12529, '00390', 12, 0, 0, '2020'),
(12530, '00391', 0, 0, 0, '2020'),
(12531, '00394', 12, 0, 0, '2020'),
(12532, '00395', 0, 0, 0, '2020'),
(12533, '00396', 0, 0, 0, '2020'),
(12534, '00397', 0, 0, 0, '2020'),
(12535, '00398', 0, 0, 0, '2020'),
(12536, '00400', 0, 0, 0, '2020'),
(12537, '00401', 0, 0, 0, '2020'),
(12538, '00406', 0, 0, 0, '2020'),
(12539, '00412', 0, 0, 0, '2020'),
(12540, '00413', 0, 0, 0, '2020'),
(12541, '00416', 0, 0, 0, '2020'),
(12542, '00417', 0, 0, 0, '2020'),
(12543, '00426', 0, 0, 0, '2020'),
(12544, '00429', 12, 0, 0, '2020'),
(12545, '00442', 0, 0, 0, '2020'),
(12546, '00444', 0, 0, 0, '2020'),
(12547, '00446', 0, 0, 0, '2020'),
(12548, '00456', 0, 0, 0, '2020'),
(12549, '00458', 0, 0, 0, '2020'),
(12550, '00460', 0, 0, 0, '2020'),
(12551, '00464', 0, 0, 0, '2020'),
(12552, '00469', 0, 0, 0, '2020'),
(12553, '00471', 12, 0, 0, '2020'),
(12554, '00473', 0, 0, 0, '2020'),
(12555, '00474', 0, 0, 0, '2020'),
(12556, '00475', 0, 0, 0, '2020'),
(12557, '00478', 0, 0, 0, '2020'),
(12558, '00480', 0, 0, 0, '2020'),
(12559, '00481', 0, 0, 0, '2020'),
(12560, '00482', 0, 0, 0, '2020'),
(12561, '00489', 0, 0, 0, '2020'),
(12562, '00491', 0, 0, 0, '2020'),
(12563, '00492', 12, 0, 0, '2020'),
(12564, '00497', 12, 0, 0, '2020'),
(12565, '00498', 0, 0, 0, '2020'),
(12566, '00500', 0, 0, 0, '2020'),
(12567, '00501', 0, 0, 0, '2020'),
(12568, '00503', 0, 0, 0, '2020'),
(12569, '00505', 0, 0, 0, '2020'),
(12570, '00510', 0, 0, 0, '2020'),
(12571, '00511', 0, 0, 0, '2020'),
(12572, '00512', 0, 0, 0, '2020'),
(12573, '00513', 0, 0, 0, '2020'),
(12574, '00519', 0, 0, 0, '2020'),
(12575, '00526', 0, 0, 0, '2020'),
(12576, '00531', 0, 0, 0, '2020'),
(12577, '00532', 0, 0, 0, '2020'),
(12578, '00535', 0, 0, 0, '2020'),
(12579, '00538', 0, 0, 0, '2020'),
(12580, '00539', 0, 0, 0, '2020'),
(12581, '00544', 0, 0, 0, '2020'),
(12582, '00551', 0, 0, 0, '2020'),
(12583, '00552', 12, 0, 0, '2020'),
(12584, '00558', 12, 0, 0, '2020'),
(12585, '00567', 0, 0, 0, '2020'),
(12586, '00570', 0, 0, 0, '2020'),
(12587, '00572', 0, 0, 0, '2020'),
(12588, '00579', 0, 0, 0, '2020'),
(12589, '00580', 12, 0, 0, '2020'),
(12590, '00592', 0, 0, 0, '2020'),
(12591, '00603', 0, 0, 0, '2020'),
(12592, '00605', 0, 0, 0, '2020'),
(12593, '00627', 0, 0, 0, '2020'),
(12594, '00630', 0, 0, 0, '2020'),
(12595, '00634', 0, 0, 0, '2020'),
(12596, '00635', 0, 0, 0, '2020'),
(12597, '00637', 0, 0, 0, '2020'),
(12598, '00639', 0, 0, 0, '2020'),
(12599, '00640', 0, 0, 0, '2020'),
(12600, '00649', 0, 0, 0, '2020'),
(12601, '00652', 0, 0, 0, '2020'),
(12602, '00655', 0, 0, 0, '2020'),
(12603, '00658', 0, 0, 0, '2020'),
(12604, '00660', 0, 0, 0, '2020'),
(12605, '00683', 0, 0, 0, '2020'),
(12606, '00697', 0, 0, 0, '2020'),
(12607, '00698', 0, 0, 0, '2020'),
(12608, '00699', 0, 0, 0, '2020'),
(12609, '00701', 0, 0, 0, '2020'),
(12610, '00703', 0, 0, 0, '2020'),
(12611, '00706', 0, 0, 0, '2020'),
(12612, '00725', 0, 0, 0, '2020'),
(12613, '00742', 0, 0, 0, '2020'),
(12614, '00749', 0, 0, 0, '2020'),
(12615, '00771', 0, 0, 0, '2020'),
(12616, '00772', 0, 0, 0, '2020'),
(12617, '00790', 0, 0, 0, '2020'),
(12618, '00792', 0, 0, 0, '2020'),
(12619, '00807', 0, 0, 0, '2020'),
(12620, '00832', 0, 0, 0, '2020'),
(12621, '00838', 12, 0, 0, '2020'),
(12622, '00846', 0, 0, 0, '2020'),
(12623, '00859', 0, 0, 0, '2020'),
(12624, '00891', 12, 0, 0, '2020'),
(12625, '00893', 12, 0, 0, '2020'),
(12626, '00904', 0, 0, 0, '2020'),
(12627, '00930', 0, 0, 0, '2020'),
(12628, '00944', 0, 0, 0, '2020'),
(12629, '00962', 12, 0, 0, '2020'),
(12630, '00995', 0, 0, 0, '2020'),
(12631, '01004', 0, 0, 0, '2020'),
(12632, '01005', 0, 0, 0, '2020'),
(12633, '01010', 12, 0, 0, '2020'),
(12634, '01013', 0, 0, 0, '2020'),
(12635, '01048', 0, 0, 0, '2020'),
(12636, '01057', 0, 0, 0, '2020'),
(12637, '01074', 0, 0, 0, '2020'),
(12638, '01123', 0, 0, 0, '2020'),
(12639, '01174', 0, 0, 0, '2020'),
(12640, '01175', 0, 0, 0, '2020'),
(12641, '01204', 12, 0, 0, '2020'),
(12642, '01210', 0, 0, 0, '2020'),
(12643, '01214', 0, 0, 0, '2020'),
(12644, '01220', 0, 0, 0, '2020'),
(12645, '01248', 0, 0, 0, '2020'),
(12646, '01263', 12, 0, 0, '2020'),
(12647, '01301', 0, 0, 0, '2020'),
(12648, '01302', 0, 0, 0, '2020'),
(12649, '01327', 12, 0, 0, '2020'),
(12650, '01328', 12, 0, 0, '2020'),
(12651, '01333', 0, 0, 0, '2020'),
(12652, '01352', 12, 0, 0, '2020'),
(12653, '01360', 12, 0, 0, '2020'),
(12654, '01382', 0, 0, 0, '2020'),
(12655, '01388', 0, 0, 0, '2020'),
(12656, '01430', 0, 0, 0, '2020'),
(12657, '01463', 0, 0, 0, '2020'),
(12658, '01468', 12, 0, 0, '2020'),
(12659, '01474', 12, 0, 0, '2020'),
(12660, '01480', 12, 0, 0, '2020'),
(12661, '01517', 0, 0, 0, '2020'),
(12662, '01527', 12, 0, 0, '2020'),
(12663, '01548', 12, 0, 0, '2020'),
(12664, '01575', 12, 0, 0, '2020'),
(12665, '01583', 0, 0, 0, '2020'),
(12666, '01593', 12, 0, 0, '2020'),
(12667, '01596', 0, 0, 0, '2020'),
(12668, '01597', 12, 0, 0, '2020'),
(12669, '01601', 0, 0, 0, '2020'),
(12670, '01609', 0, 0, 0, '2020'),
(12671, '01610', 0, 0, 0, '2020'),
(12672, '01617', 12, 0, 0, '2020'),
(12673, '01708', 12, 0, 0, '2020'),
(12674, '01725', 0, 0, 0, '2020'),
(12675, '01741', 0, 0, 0, '2020'),
(12676, '01803', 0, 0, 0, '2020'),
(12677, '01814', 12, 0, 0, '2020'),
(12678, '01840', 0, 0, 0, '2020'),
(12679, '01881', 12, 0, 0, '2020'),
(12680, '01893', 12, 0, 0, '2020'),
(12681, '01926', 0, 0, 0, '2020'),
(12682, '01939', 0, 0, 0, '2020'),
(12683, '01961', 12, 0, 0, '2020'),
(12684, '01966', 0, 0, 0, '2020'),
(12685, '01973', 12, 0, 0, '2020'),
(12686, '01977', 0, 0, 0, '2020'),
(12687, '01981', 0, 0, 0, '2020'),
(12688, '01982', 0, 0, 0, '2020'),
(12689, '01985', 12, 0, 0, '2020'),
(12690, '02014', 0, 0, 0, '2020'),
(12691, '02038', 0, 0, 0, '2020'),
(12692, '02048', 0, 0, 0, '2020'),
(12693, '02064', 12, 0, 0, '2020'),
(12694, '02070', 0, 0, 0, '2020'),
(12695, '02113', 0, 0, 0, '2020'),
(12696, '02141', 0, 0, 0, '2020'),
(12697, '02144', 0, 0, 0, '2020'),
(12698, '02150', 0, 0, 0, '2020'),
(12699, '02156', 0, 0, 0, '2020'),
(12700, '02163', 0, 0, 0, '2020'),
(12701, '02167', 0, 0, 0, '2020'),
(12702, '02177', 0, 0, 0, '2020'),
(12703, '02182', 0, 0, 0, '2020'),
(12704, '02206', 0, 0, 0, '2020'),
(12705, '02237', 0, 0, 0, '2020'),
(12706, '02239', 0, 0, 0, '2020'),
(12707, '02243', 0, 0, 0, '2020'),
(12708, '02268', 0, 0, 0, '2020'),
(12709, '02312', 0, 0, 0, '2020'),
(12710, '02335', 0, 0, 0, '2020'),
(12711, '02346', 0, 0, 0, '2020'),
(12712, '02403', 0, 0, 0, '2020'),
(12713, '02405', 12, 0, 0, '2020'),
(12714, '02417', 0, 0, 0, '2020'),
(12715, '02454', 12, 0, 0, '2020'),
(12716, '02461', 0, 0, 0, '2020'),
(12717, '02465', 0, 0, 0, '2020'),
(12718, '02466', 0, 0, 0, '2020'),
(12719, '02467', 0, 0, 0, '2020'),
(12720, '02468', 0, 0, 0, '2020'),
(12721, '02469', 0, 0, 0, '2020'),
(12722, '02497', 0, 0, 0, '2020'),
(12723, '02527', 0, 0, 0, '2020'),
(12724, '02552', 0, 0, 0, '2020'),
(12725, '02555', 0, 0, 0, '2020'),
(12726, '02573', 12, 0, 0, '2020'),
(12727, '02575', 12, 0, 0, '2020'),
(12728, '02576', 12, 0, 0, '2020'),
(12729, '02587', 12, 0, 0, '2020'),
(12730, '02589', 0, 0, 0, '2020'),
(12731, '02592', 0, 0, 0, '2020'),
(12732, '02593', 0, 0, 0, '2020'),
(12733, '02597', 0, 0, 0, '2020'),
(12734, '02599', 0, 0, 0, '2020'),
(12735, '02628', 0, 0, 0, '2020'),
(12736, '02653', 0, 0, 0, '2020'),
(12737, '02678', 0, 0, 0, '2020'),
(12738, '02680', 0, 0, 0, '2020'),
(12739, '02725', 0, 0, 0, '2020'),
(12740, '02747', 0, 0, 0, '2020'),
(12741, '02757', 0, 0, 0, '2020'),
(12742, '02759', 0, 0, 0, '2020'),
(12743, '02763', 0, 0, 0, '2020'),
(12744, '02764', 0, 0, 0, '2020'),
(12745, '02776', 0, 0, 0, '2020'),
(12746, '02798', 0, 0, 0, '2020'),
(12747, '02805', 12, 0, 0, '2020'),
(12748, '02808', 12, 0, 0, '2020'),
(12749, '02811', 12, 0, 0, '2020'),
(12750, '02812', 12, 0, 0, '2020'),
(12751, '02813', 0, 0, 0, '2020'),
(12752, '02822', 0, 0, 0, '2020'),
(12753, '02824', 12, 0, 0, '2020'),
(12754, '02825', 12, 0, 0, '2020'),
(12755, '02826', 12, 0, 0, '2020'),
(12756, '02839', 12, 0, 0, '2020'),
(12757, '02846', 12, 0, 0, '2020'),
(12758, '02847', 0, 0, 0, '2020'),
(12759, '02859', 0, 0, 0, '2020'),
(12760, '02860', 0, 0, 0, '2020'),
(12761, '02861', 0, 0, 0, '2020'),
(12762, '02862', 0, 0, 0, '2020'),
(12763, '02863', 0, 0, 0, '2020'),
(12764, '02865', 0, 0, 0, '2020'),
(12765, '02867', 0, 0, 0, '2020'),
(12766, '02870', 0, 0, 0, '2020'),
(12767, '02871', 0, 0, 0, '2020'),
(12768, '02872', 0, 0, 0, '2020'),
(12769, '02874', 0, 0, 0, '2020'),
(12770, '02875', 0, 0, 0, '2020'),
(12771, '02876', 0, 0, 0, '2020'),
(12772, '02877', 0, 0, 0, '2020'),
(12773, '02878', 0, 0, 0, '2020'),
(12774, '02881', 0, 0, 0, '2020'),
(12775, '02887', 0, 0, 0, '2020'),
(12776, '02888', 0, 0, 0, '2020'),
(12777, '02891', 0, 0, 0, '2020'),
(12778, '02893', 0, 0, 0, '2020'),
(12779, '02894', 0, 0, 0, '2020'),
(12780, '02895', 0, 0, 0, '2020'),
(12781, '02896', 0, 0, 0, '2020'),
(12782, '02902', 0, 0, 0, '2020'),
(12783, '02903', 0, 0, 0, '2020'),
(12784, '02908', 0, 0, 0, '2020'),
(12785, '02909', 0, 0, 0, '2020'),
(12786, '02910', 0, 0, 0, '2020'),
(12787, '02913', 0, 0, 0, '2020'),
(12788, '02914', 0, 0, 0, '2020'),
(12789, '02917', 0, 0, 0, '2020'),
(12790, '02923', 0, 0, 0, '2020'),
(12791, '02945', 0, 0, 0, '2020'),
(12792, '02961', 0, 0, 0, '2020'),
(12793, '02965', 0, 0, 0, '2020'),
(12794, '02966', 0, 0, 0, '2020'),
(12795, '02975', 0, 0, 0, '2020'),
(12796, '02978', 0, 0, 0, '2020'),
(12797, '02985', 0, 0, 0, '2020'),
(12798, '02999', 0, 0, 0, '2020'),
(12799, '03016', 0, 0, 0, '2020'),
(12800, '03017', 0, 0, 0, '2020'),
(12801, '03019', 0, 0, 0, '2020'),
(12802, '03023', 0, 0, 0, '2020'),
(12803, '03030', 0, 0, 0, '2020'),
(12804, '03032', 0, 0, 0, '2020'),
(12805, '03038', 0, 0, 0, '2020'),
(12806, '03039', 0, 0, 0, '2020'),
(12807, '03042', 0, 0, 0, '2020'),
(12808, '03043', 0, 0, 0, '2020'),
(12809, '03047', 0, 0, 0, '2020'),
(12810, '03048', 0, 0, 0, '2020'),
(12811, '03054', 0, 0, 0, '2020'),
(12812, '03060', 0, 0, 0, '2020'),
(12813, '03062', 0, 0, 0, '2020'),
(12814, '03066', 0, 0, 0, '2020'),
(12815, '03077', 0, 0, 0, '2020'),
(12816, '03078', 0, 0, 0, '2020'),
(12817, '03080', 0, 0, 0, '2020'),
(12818, '03084', 0, 0, 0, '2020'),
(12819, '03086', 0, 0, 0, '2020'),
(12820, '03087', 0, 0, 0, '2020'),
(12821, '03089', 0, 0, 0, '2020'),
(12822, '03091', 0, 0, 0, '2020'),
(12823, '03092', 0, 0, 0, '2020'),
(12824, '03093', 0, 0, 0, '2020'),
(12825, '03094', 0, 0, 0, '2020'),
(12826, '03095', 0, 0, 0, '2020'),
(12827, '03096', 0, 0, 0, '2020'),
(12828, '03097', 0, 0, 0, '2020'),
(12829, '03098', 0, 0, 0, '2020'),
(12830, '03100', 0, 0, 0, '2020'),
(12831, '03101', 0, 0, 0, '2020'),
(12832, '03104', 0, 0, 0, '2020'),
(12833, '03105', 0, 0, 0, '2020'),
(12834, '03106', 0, 0, 0, '2020'),
(12835, '03107', 0, 0, 0, '2020'),
(12836, '03108', 0, 0, 0, '2020'),
(12837, '03109', 0, 0, 0, '2020'),
(12838, '03110', 0, 0, 0, '2020'),
(12839, '03111', 0, 0, 0, '2020'),
(12840, '03112', 0, 0, 0, '2020'),
(12841, '03113', 0, 0, 0, '2020'),
(12842, '03114', 0, 0, 0, '2020'),
(12843, '03115', 0, 0, 0, '2020'),
(12844, '03116', 0, 0, 0, '2020'),
(12845, '03117', 0, 0, 0, '2020'),
(12846, '03118', 0, 0, 0, '2020'),
(12847, '03120', 0, 0, 0, '2020'),
(12848, '03121', 0, 0, 0, '2020'),
(12849, '03122', 0, 0, 0, '2020'),
(12850, '03123', 0, 0, 0, '2020'),
(12851, '03124', 0, 0, 0, '2020'),
(12852, '03125', 0, 0, 0, '2020');

-- --------------------------------------------------------

--
-- Struktur dari tabel `users`
--

CREATE TABLE `users` (
  `id_users` int(11) NOT NULL,
  `nik` varchar(100) NOT NULL,
  `password` varchar(100) NOT NULL,
  `level` enum('employee','supervisor','admin','ps') NOT NULL
) ENGINE=InnoDB DEFAULT CHARSET=latin1;

--
-- Dumping data untuk tabel `users`
--

INSERT INTO `users` (`id_users`, `nik`, `password`, `level`) VALUES
(6, '00006', '7a77584182a904bb75558a6bc911dd6e', ''),
(454, 'ridwands', '202cb962ac59075b964b07152d234b70', 'admin'),
(455, 'ps', '202cb962ac59075b964b07152d234b70', 'ps'),
(537, 'amalia', '202cb962ac59075b964b07152d234b70', 'supervisor'),
(538, 'Indra Hermawan', '202cb962ac59075b964b07152d234b70', 'supervisor'),
(539, 'Hasanudin', '202cb962ac59075b964b07152d234b70', 'supervisor'),
(540, 'Sri Rahayu', '202cb962ac59075b964b07152d234b70', 'supervisor'),
(541, 'Noer Riza', '202cb962ac59075b964b07152d234b70', 'supervisor'),
(542, 'Wawan Hermawan', '202cb962ac59075b964b07152d234b70', 'supervisor'),
(543, 'Misno Yulianto', '202cb962ac59075b964b07152d234b70', 'supervisor'),
(544, 'Christ Wina Dyah Ayu Maharani', '202cb962ac59075b964b07152d234b70', 'supervisor'),
(545, 'Tuni', '202cb962ac59075b964b07152d234b70', 'supervisor'),
(546, 'Joni Sihombing', '202cb962ac59075b964b07152d234b70', 'supervisor'),
(547, 'Franky R. Koroh', '202cb962ac59075b964b07152d234b70', 'supervisor'),
(548, 'Setyo Nugroho', '202cb962ac59075b964b07152d234b70', 'supervisor'),
(549, 'Agung Sanjaya', '202cb962ac59075b964b07152d234b70', 'supervisor'),
(550, 'Leo Wibowo', '202cb962ac59075b964b07152d234b70', 'supervisor'),
(551, 'Ap Indra Jaya', '202cb962ac59075b964b07152d234b70', 'supervisor'),
(552, 'Jefri Aprianto', '202cb962ac59075b964b07152d234b70', 'supervisor'),
(553, 'Dian Yuliandi', '202cb962ac59075b964b07152d234b70', 'supervisor'),
(554, 'Mulyani M', '202cb962ac59075b964b07152d234b70', 'supervisor'),
(555, 'Nela Handayani', '202cb962ac59075b964b07152d234b70', 'supervisor'),
(556, 'Farastika Amalia/Nuryanto', '202cb962ac59075b964b07152d234b70', 'supervisor'),
(557, 'Awan Akhadi', '202cb962ac59075b964b07152d234b70', 'supervisor'),
(558, 'Mardi', '202cb962ac59075b964b07152d234b70', 'supervisor'),
(559, 'Yayuk Lestari', '202cb962ac59075b964b07152d234b70', 'supervisor'),
(560, 'Eka Ciptaning Rahayu', '202cb962ac59075b964b07152d234b70', 'supervisor'),
(561, 'Epi Supianti', '202cb962ac59075b964b07152d234b70', 'supervisor'),
(562, 'Filipus', '202cb962ac59075b964b07152d234b70', 'supervisor'),
(563, 'Rita', '202cb962ac59075b964b07152d234b70', 'supervisor'),
(564, 'Sandi Destrian', '202cb962ac59075b964b07152d234b70', 'supervisor'),
(565, 'Yeni Kobaryanti', '202cb962ac59075b964b07152d234b70', 'supervisor'),
(566, 'Faizal Athhar', '202cb962ac59075b964b07152d234b70', 'supervisor'),
(567, 'Agus Bumi Sambara', '202cb962ac59075b964b07152d234b70', 'supervisor'),
(568, 'Lia Karmila', '202cb962ac59075b964b07152d234b70', 'supervisor'),
(569, 'Rachmat Hadi Saputra', '202cb962ac59075b964b07152d234b70', 'supervisor'),
(570, 'Wawan Hermawan (HOA)', '202cb962ac59075b964b07152d234b70', 'supervisor'),
(571, 'Cipto Utomo', '202cb962ac59075b964b07152d234b70', 'supervisor'),
(572, 'Amsar Juarsa', '202cb962ac59075b964b07152d234b70', 'supervisor'),
(573, 'Anas Joenaedi', '202cb962ac59075b964b07152d234b70', 'supervisor'),
(574, 'Nova Yurni Basyir', '202cb962ac59075b964b07152d234b70', 'supervisor'),
(575, 'Martoni', '202cb962ac59075b964b07152d234b70', 'supervisor'),
(576, 'Misno Yuliyanto', '202cb962ac59075b964b07152d234b70', 'supervisor'),
(577, 'Hadi', '202cb962ac59075b964b07152d234b70', 'supervisor'),
(610, '00005', '75b8de1bba9d03914af6f7b8c60c52f5', 'employee'),
(611, '00006', 'e0629907036fd9a7a66078cb8c24aab2', 'employee'),
(612, '00007', 'dc31d88d234df303ed9772fae90c620d', 'employee'),
(613, '00009', '8b98639fe517f78d2ea66d9ef2c45830', 'employee'),
(614, '00010', 'a7abb70e6264ad16d147575d10936977', 'employee'),
(615, '00011', 'b2a010161b8b52f9f8ead6df3b707d2b', 'employee'),
(616, '00012', '24c3c3a86c46d540add0190fd6b95939', 'employee'),
(617, '00013', '3517c55f3ffdd3322ccbe12039e33758', 'employee'),
(618, '00022', '1b7b5b68cc0763ef71ef995119cdf4e3', 'employee'),
(619, '00030', '34ddfb86f882b95d61adae57b37ec6f5', 'employee'),
(620, '00033', 'd6b7fd1ed22cc39db0c77ce4f620862d', 'employee'),
(621, '00034', '24c3c3a86c46d540add0190fd6b95939', 'employee'),
(622, '00035', 'd72aa5387a9e5b53430f36d37d3e6086', 'employee'),
(623, '00037', 'c0c6fd11354e6158f841f772c34037ac', 'employee'),
(624, '00038', '9d13663f3d31ed94b4a75abcf517f365', 'employee'),
(625, '00040', 'f46bbfee9b3987eda2273e9b7b1d49e9', 'employee'),
(626, '00041', '25c54edc1994e056755685ee3be1b088', 'employee'),
(627, '00044', 'c309289ed26a8fa7411f257ed4f5090c', 'employee'),
(628, '00045', 'fad4c697ac3e2e7072f3710d3e308115', 'employee'),
(629, '00047', 'ce99379a0a131be3a313fdac386a9b1b', 'employee'),
(630, '00048', 'b2a9b31a309f213ec46b34a815b1a030', 'employee'),
(631, '00049', '82d060d15fd978d49933078f7c1f045b', 'employee'),
(632, '00050', '89ed2f547abaf9373302b455558efaa2', 'employee'),
(633, '00051', 'a03917a09248a31c269f362e8765b554', 'employee'),
(634, '00055', 'c51d3b27422a77dcd8fc98ebd27b0eef', 'employee'),
(635, '00056', '51feff472c3072d083669b523188f0db', 'employee'),
(636, '00058', '78eca8ea4de007e480662d6e8af75256', 'employee'),
(637, '00059', '822a61d655a0c6cddb20ebb5aa21ac57', 'employee'),
(638, '00060', '73f53a82509b31966cabacc55c0c00d0', 'employee'),
(639, '00063', '993400990566dfff85ea807a82bb21db', 'employee'),
(640, '00064', '212c980155e0fa2ad09f10e48a35f421', 'employee'),
(641, '00065', 'cc2a36ee602c9efea3df47acc36603ed', 'employee'),
(642, '00068', 'df83fb08c54c8e424912a83b6c28e6b3', 'employee'),
(643, '00070', '745e5070a201f307c0c970ef62aa917d', 'employee'),
(644, '00071', 'd6a135efdadad2378397e85f125a2c0e', 'employee'),
(645, '00082', '551bb7231b9a16ea79a35f99241f8ec7', 'employee'),
(646, '00083', 'e445bab3e9798ffd1ed8218c0aefd442', 'employee'),
(647, '00084', 'ffba83d59ad9b76ecb4cdcb81f066353', 'employee'),
(648, '00086', 'a9cd31bd4a5c152381f038f249d07603', 'employee'),
(649, '00087', '056ebf9f9581573cfad76cbfd1ddddfa', 'employee'),
(650, '00088', 'ba9b2baf0189ccc264e76ae08f5612ab', 'employee'),
(651, '00093', 'f1a8f303362484ee0f8bfacf0d64d666', 'employee'),
(652, '00097', '8db7d5912f879d2aefea84f3529939a4', 'employee'),
(653, '00099', 'a50208867469dd746e49207bd21a50c0', 'employee'),
(654, '00100', '691b01eae603980ce3f0a67d0906d44d', 'employee'),
(655, '00101', '0291c4c9c52e17d5eb2064234374fa09', 'employee'),
(656, '00108', 'fa56a17dff195e6dbaaf2b9f88b18d4d', 'employee'),
(657, '00115', '3f07db7658b150aa28b18443d257dbc8', 'employee'),
(658, '00116', 'b780e11646c703647e28f192cf01ac02', 'employee'),
(659, '00126', 'c4bf4483ca6b298204dec5341f90bd11', 'employee'),
(660, '00134', '1536d13cfe68fd31bfcefc160dc7bc85', 'employee'),
(661, '00142', '034845393f1832e0092fd47bb73e0280', 'employee'),
(662, '00154', 'bdd3a7fb343a23e75c31b5e5df349cb4', 'employee'),
(663, '00159', 'e046b7aa9b80fdc8b46e647d7ea7960a', 'employee'),
(664, '00166', '14cfe34dc966bd98df04eca021e9581d', 'employee'),
(665, '00167', '66cef21681d5791f8c77cc383715794e', 'employee'),
(666, '00178', '8aa65920b23640418f971ba248ed024c', 'employee'),
(667, '00179', '53ece2a03ffb6172d914b50c3a655078', 'employee'),
(668, '00188', '33fcb8da49f846368ed26cb7f4b9d36c', 'employee'),
(669, '00189', 'b687dc632e677be1518798329b071607', 'employee'),
(670, '00838', '41f046e7ef41b68e99cb360d93fcc0aa', 'employee'),
(671, '00195', '870e4e7091ba7b7bafd32c825aa87dba', 'employee'),
(672, '00199', 'b80c6c533e58366874e654a1f2e201e6', 'employee'),
(673, '00206', 'be481f6180b56b22fa8f5062e694d7d1', 'employee'),
(674, '00233', '152e1da6c0eb6f87e516b1a6cdadfbc6', 'employee'),
(675, '00260', '0e2486851b7a70aa3a81bb6aa73bdf1d', 'employee'),
(676, '00299', 'af9cb95257f53bc10cad6f3c804301d8', 'employee'),
(677, '00893', 'af34e365f99b822f230aaaead5283a83', 'employee'),
(678, '00891', 'a7457351f977459651ac458e230acbd6', 'employee'),
(679, '00962', '1f28163194b1834298f715f8d548dcc0', 'employee'),
(680, '01263', 'f21362a738ace7dd8f4245bffd9636d2', 'employee'),
(681, '01328', '9e0ee0fd0e8be59021bba267c314e249', 'employee'),
(682, '01352', 'd382bf9eb0d66df0993e1816bf8003e7', 'employee'),
(683, '01360', 'd7f6163b67079ca3c94d659d9158afe4', 'employee'),
(684, '01468', '7528376d22a9ec6a41d1e56864a317a2', 'employee'),
(685, '01474', 'c461fe7039485d5501d3ce5690714978', 'employee'),
(686, '01480', 'e836b9ef5deb481fc260baa3eeb8aa4c', 'employee'),
(687, '01527', '3729d77c2d9fb420526ee487363fb9ef', 'employee'),
(688, '01548', '51d2a3f7a94b5819ebb75714c033c2f6', 'employee'),
(689, '01575', '1333417e04a91b017b5126a2ce313b5f', 'employee'),
(690, '01593', '36c28f12b3f7c83371abf7203f9e6c95', 'employee'),
(691, '01597', '1ba72e7384fd73191efde6357ed68d54', 'employee'),
(692, '01617', '3edf4ace1d62faf29cdb9af2fb50c8ef', 'employee'),
(693, '01814', 'f58d6788785b23a81cd60a02d48814b6', 'employee'),
(694, '01881', 'ff68047275c44e1a0833f725ce98ad23', 'employee'),
(695, '00372', 'd530e8f80caafae83111d1ba002fdd01', 'employee'),
(696, '00318', '98e653987d74383f18a00432753f42dc', 'employee'),
(697, '00471', 'd92f20f66924c61204380047e720d1d0', 'employee'),
(698, '01708', '33c8dd9d676016a952acab4c7ff2498b', 'employee'),
(699, '00390', '1c365db2ab70078433bb038c5ede6dbc', 'employee'),
(700, '00394', 'ad425228388257df7e42d72e2e000294', 'employee'),
(701, '00429', '81762451f58d9502be21052bf595fc5e', 'employee'),
(702, '00492', '8761765160efad9a80a99c6232e8623d', 'employee'),
(703, '00497', '09b42823a5703625f9ddd9574b79c86c', 'employee'),
(704, '00552', '52723e7834782a69bec09c02df1cbb5e', 'employee'),
(705, '00558', '3eabba043ae5b771ed6be393296990e5', 'employee'),
(706, '00580', 'c8f501192125b40ad8f2cc0a0c890033', 'employee'),
(707, '01010', '23dd73440655749597629d4f40ea23af', 'employee'),
(708, '01204', 'c41f5d8cbc054885d57892dda81c47b5', 'employee'),
(709, '01327', '766539b700477385046f86f900a2aa24', 'employee'),
(710, '01961', '923d268b1df6d1cbcd5ced1bc2c88b10', 'employee'),
(711, '01973', '536c1287d2dc086030497d1b8ea7a175', 'employee'),
(712, '01985', 'c80f0f4a006081648e3f9156ffab3b0b', 'employee'),
(713, '02064', '19dc343f1636a3dd4afc3629d4f7f87a', 'employee'),
(714, '02405', 'bfb0b7c4e29157acb6543b30f4908fa4', 'employee'),
(715, '02454', '2b5b6acb6f1c0ee37b8fccc5ebb51358', 'employee'),
(716, '02573', '458b33951c25b40e25be3e89527983fe', 'employee'),
(717, '02575', '1b7358591292966142e477b05bcb0c96', 'employee'),
(718, '02576', '94f37f5cddf32fbf24094a67387bc808', 'employee'),
(719, '02587', '91687ef9936920d6899615a0407795c7', 'employee'),
(720, '02805', '11d48275dc13cfade654f18ef558523c', 'employee'),
(721, '02808', '3aab5d3630e10307a1d8a9f25b66a396', 'employee'),
(722, '02811', 'f122eb91254cf769bb198c7cf1e55632', 'employee'),
(723, '02812', '94a38d8d171b0a804130a515625cf32e', 'employee'),
(724, '01893', '8110ee78be37b54c39fa30345797bd86', 'employee'),
(725, '02824', '16434d4422b54d2383d5ab29a50364fe', 'employee'),
(726, '02825', 'e6509bd1f7e85b1f8cb2a79e633bd632', 'employee'),
(727, '02826', '457c6262c0255b1c754b0468ee9f9df8', 'employee'),
(728, '02839', '5de1f33ee45983d5719db6d3f9dd1342', 'employee'),
(729, '02846', '1a85713463dc08eef7bcc623cbd59cb2', 'employee'),
(730, '02859', '8bc7ec6d539b9aeb1ff881745ad4dbb6', 'employee'),
(731, '02862', '862dfdb677b8af2145bb617e3123e0a5', 'employee'),
(732, '02870', 'dbcf58a1acf28a0c39e47742a9558bd9', 'employee'),
(733, '02871', 'ccc03a3583936b720cff37f4808c31f5', 'employee'),
(734, '02881', '9b7148bf61baaf1128fc3226a1752ed3', 'employee'),
(735, '02887', 'ea55b9d47bb325524bb2dce598f3ac34', 'employee'),
(736, '02888', 'ab8b2056e9fc1770a64333919cc5bd76', 'employee'),
(737, '02923', '991e4f75fdd823dc1d2161cf5de24433', 'employee'),
(738, '03023', '2efe8180109424bfd3f2a198f65cbc48', 'employee'),
(739, '03030', 'cda736c91f778e4bb199764b79d480e1', 'employee'),
(740, '03032', 'fa3fc5ffdcb054741a91ddb4200334f6', 'employee'),
(741, '00384', '04c278e3f044f139107d074fa234c258', 'employee'),
(742, '02417', 'a61b01d50cf7fb5f9234e23868cc3ee0', 'employee'),
(743, '00380', '2c422d18a76b7643c2024f43b1c4ff85', 'employee'),
(744, '00296', 'f1e77792a367e1d1207d466d4d524c6a', 'employee'),
(745, '00304', '0e8828d8f8a3a6222a35200b62b117c3', 'employee'),
(746, '00298', '3ac4dedb66dd9a750f0cb24c413bae8f', 'employee'),
(747, '00385', 'f177052c2cf7417c382cefbe0a78e7aa', 'employee'),
(748, '01803', '6d680cf8344abeeb4d38838e749c84eb', 'employee'),
(749, '02589', 'fcea2e2dfa3d1f980af5b7adf1a46c7b', 'employee'),
(750, '00383', '5a2dc4a550e49d20e387ab047651f8e0', 'employee'),
(751, '00303', 'bf3b477c10fcd048d7b5e8b53a038b7a', 'employee'),
(752, '00305', '3ac4dedb66dd9a750f0cb24c413bae8f', 'employee'),
(753, '00306', 'ffa877a23978b8f6ddfeb7a3ddea906c', 'employee'),
(754, '00309', '1fa76d149b01ecfe8f4b2ccba64bf2f4', 'employee'),
(755, '00314', 'f3cd9e10ef8f42abe6b7832ba49f3492', 'employee'),
(756, '01123', '6beacf1d3203601dc522e837b089472a', 'employee'),
(757, '00378', '195d74bc65f5213477eaa43c4e548d8c', 'employee'),
(758, '02822', '4f26c988e007c13f29b64e5704c2681e', 'employee'),
(759, '02048', '50e8baafb63cbfb92e0016bf40cd57ed', 'employee'),
(760, '00375', 'c93b89f98452cfa8342f09192a90b552', 'employee'),
(761, '00302', '8491ff0da9d3cfc8e4bb7a59365b3f80', 'employee'),
(762, '00354', '6d32621d432b0814957dd55aacb42c09', 'employee'),
(763, '00749', '54149c65cd1a2c12a8f16b7767e85cb0', 'employee'),
(764, '01013', 'c63b404922dff88acececa8d36609515', 'employee'),
(765, '01301', '74750920001e81591ee55e8858c7e880', 'employee'),
(766, '01302', 'c44fcb2776fd96a20d4c1a3a8efc40b5', 'employee'),
(767, '00355', 'a08d3eff05c3d13a66d29544d87522cf', 'employee'),
(768, '00363', '7807f649f12aacfcc67b342fa9ef9c4e', 'employee'),
(769, '00652', '1129682a4e86ba8830f76ed9c118df4a', 'employee'),
(770, '00300', '724e770f35a5481f9d82317c3775b116', 'employee'),
(771, '00356', '4ef0e090e133863290d6549b153a5f42', 'employee'),
(772, '00357', '78ca2217d689cf0045c75b2d1a201103', 'employee'),
(773, '00361', '9c016308044d5a54f76e1e6c1b803059', 'employee'),
(774, '01601', '6296d810ed1399c8ddda7ca6b1b5cf38', 'employee'),
(775, '00904', '585f573b8f0181d1db5fef147e3a0792', 'employee'),
(776, '02877', '79d305d60764f340890ce57ac12b9d52', 'employee'),
(777, '00301', 'f3c22b523461d218af2f6c536c2cca91', 'employee'),
(778, '00379', '08db7675f877e76bf5b629e19f5a0376', 'employee'),
(779, '00387', 'a06d32e44b46f44030ff6ce610445040', 'employee'),
(780, '00807', '198705a31aaa5fe6cebee748edd9023b', 'employee'),
(781, '00307', 'b5662315898369aee6239ebdadeeb97e', 'employee'),
(782, '00308', 'c0534fb09f11e9381bda580fdf08118b', 'employee'),
(783, '00310', '59232b6f284b08dff225867ce856abb6', 'employee'),
(784, '00312', 'b5fb13729b4fa5c5359d0447b713a345', 'employee'),
(785, '00313', '182275de9484cddf9187c54c7a6b5dd6', 'employee'),
(786, '00742', '38dce452d0d7cefcf3c8b1eeb9546ede', 'employee'),
(787, '01926', '80462dbf64861cbb52e0af0aa6f4959f', 'employee'),
(788, '01981', 'c19e6b348c069d9816a06cca86b46952', 'employee'),
(789, '00930', 'cb8d459a2b5bb55bddfb592f79865e8e', 'employee'),
(790, '02592', '37561230b94612094bbdc974a1d9220f', 'employee'),
(791, '01175', '2b636d79b65fb895245b2aca26d99d42', 'employee'),
(792, '00655', 'f229ca4abb383afc505a74c4f2e4e72f', 'employee'),
(793, '00382', '07c5cd980aee48d6178d6d969c62ab59', 'employee'),
(794, '02403', '3e417979c4a0419d0c760adf5fee86bc', 'employee'),
(795, '00353', '2d37432e9945be575313e3d35d5f5d9d', 'employee'),
(796, '00482', '55d7c28e4556b81a404658bb3fc2c0e5', 'employee'),
(797, '00703', 'e41b96271676e60d6cc6b6cca940352d', 'employee'),
(798, '00444', '14268b45dff438371dfa55f83cfb15d0', 'employee'),
(799, '00699', '4225408879671162de1da92776680818', 'employee'),
(800, '01977', '5cc96bbca09d466928e6b616985f97ef', 'employee'),
(801, '02182', '9dfb9876e82a53aefae9abc0aefc2c62', 'employee'),
(802, '00442', 'db8ccb361f9450b5ea1f1f4af2a54b5d', 'employee'),
(803, '00531', '494e9ea0ea89bfe4a83a8775d5f475d1', 'employee'),
(804, '02144', 'e877b3df0353e00b450413d4322f838f', 'employee'),
(805, '02177', 'fa359cbf96de4b93fd6612264b548efe', 'employee'),
(806, '00406', 'fcc654f511f03f006711da3f8f750dee', 'employee'),
(807, '00460', 'c057ce4c22cedbe3383c88b35408ecc4', 'employee'),
(808, '01939', 'a7a79a39dc205a899822c16d5c708203', 'employee'),
(809, '01725', '447bfb3dc564eed551630a4bff02d394', 'employee'),
(810, '02467', '76a2c45dcdf92b3f9cd134a16d024161', 'employee'),
(811, '02468', 'ea68e0cbb6dae8fd1e27a39a79d91f8a', 'employee'),
(812, '02466', '83e96291c0834a1ce5f19890754fc32e', 'employee'),
(813, '02908', '01cd4afb60a0c4d5fd249070c790d8cb', 'employee'),
(814, '03016', 'ac1d07c4ccf3876f742ca2df421ac3bd', 'employee'),
(815, '00366', 'f204eef4221de0d1d581136ae321f8f1', 'employee'),
(816, '00634', '40e3bbae5a038aa2209be38474c33b44', 'employee'),
(817, '00371', '58bd649cf5cec6d6058bf8d22bf9a9d2', 'employee'),
(818, '01982', 'd259b8a5781e499cfe1acafcafaad5b6', 'employee'),
(819, '02070', '52861c53808d5584a87b8894e3b3b76e', 'employee'),
(820, '00635', '82169323daeb4dfea099c82cd02e1b8b', 'employee'),
(821, '00368', '4efdac171a180b0784dfd5160a6ab940', 'employee'),
(822, '00323', '2b7a937e762e798cea00caa6c70d265b', 'employee'),
(823, '00637', 'af070ccdf8512c5e77f835414382d776', 'employee'),
(824, '00640', 'a50208867469dd746e49207bd21a50c0', 'employee'),
(825, '00328', '8e6a00f3baaea93bc99e5e505d07fccf', 'employee'),
(826, '01333', '382c98606f0a835ca21a5da653023576', 'employee'),
(827, '01463', 'a841f23f8f9ba838d1d094fdc7277229', 'employee'),
(828, '00345', '0825c3f84877ba689fefff7f2779b15c', 'employee'),
(829, '00348', '1fd601e82ba10f69482545aa56115e4a', 'employee'),
(830, '00332', 'a4cda512d32ec9b3d9c684148675cc2a', 'employee'),
(831, '00346', '16312b64c797b4d91b7d710fb1e9f658', 'employee'),
(832, '00344', '6e8c2475eff9c0db42a0bcae577a190e', 'employee'),
(833, '00337', 'f9c02e2f0f7386e9299ffab5dd35e335', 'employee'),
(834, '00333', 'af4b38e3c3b7a39c2bfe817046871509', 'employee'),
(835, '01210', '1189b86310b2cc601fb59ad55e0ccea7', 'employee'),
(836, '01388', '0071273f998c4582b1f639ef59bdf84b', 'employee'),
(837, '00351', 'd259b8a5781e499cfe1acafcafaad5b6', 'employee'),
(838, '00567', 'e63184c5bf66d37dd0e3c0e65db2c6d5', 'employee'),
(839, '00326', 'da573ff09681368fe53ddb54b1c3d21c', 'employee'),
(840, '00338', '8271dd04f7c85cdf211d4f08a434001e', 'employee'),
(841, '02237', 'be1bbf0f762333cd7a4dfb8d610fef5c', 'employee'),
(842, '02461', '2031a7f6624e87eaa134a8237951ce05', 'employee'),
(843, '02555', '5657ee221ff8b8216e0c1e8250cca10f', 'employee'),
(844, '00505', 'f887d0089b2a47d49b94b8d9f8983434', 'employee'),
(845, '00498', '574a1683c4f2ad2d04bfa291dd7438e9', 'employee'),
(846, '00792', 'b96f935010288bf2a7ee07b5e9c33647', 'employee'),
(847, '00335', '125b66903b5216119c0a2c06888b174d', 'employee'),
(848, '00501', 'c13f16320458b5d08b1d01747ac6fcee', 'employee'),
(849, '01004', '39a78f3ed054c746088cc1f97c64f29c', 'employee'),
(850, '01005', '7b8a7bbc36833dbc2653b96391067f46', 'employee'),
(851, '00683', '4e1875c868007470b801fc6584401271', 'employee'),
(852, '00944', 'e1ee34f101117bed2856d3d99a5f4d89', 'employee'),
(853, '02014', '98a8660e6e76fee5073d8b1bcf05978d', 'employee'),
(854, '00605', '0768f03a8da9f94791590b8af5a48a37', 'employee'),
(855, '02798', '8fdac26fcab49316f28934423234984a', 'employee'),
(856, '00639', 'cadea1d466d31484ec7a4adfcc9764f1', 'employee'),
(857, '02599', '50b9a85c40f09bd31cc5345778b56150', 'employee'),
(858, '00512', '81f0f432c91f643ee510d3981aec62f1', 'employee'),
(859, '02167', '55298c97866d7c9b3423f59f96cdb676', 'employee'),
(860, '01966', '7ac0c22837541592ed5b07f8c2bd0d11', 'employee'),
(861, '02813', '4d0a00d5cfdffe71e3700d6e1b383d98', 'employee'),
(862, '02678', '0e61b5fc43478871ead2ce54103688be', 'employee'),
(863, '01610', '6db2adb5a509ccddb37ee75a31993566', 'employee'),
(864, '02680', '1899a6fa77e6a9c15a24a6d098277fc1', 'employee'),
(865, '02847', '86a68a87ef8567e3eb133c3f85154fdb', 'employee'),
(866, '00790', '92db82566e6be7d2484a758a6234b179', 'employee'),
(867, '02872', '954f6e94bd2e13443a76addbaa797df4', 'employee'),
(868, '00538', '372106897eb468faf4617a04bb87d7bf', 'employee'),
(869, '02038', '1d79c5c9f6a7bf07d9b9efd47d45672e', 'employee'),
(870, '00320', '0191c8c7142dce77b76f1ad80cb0d7f7', 'employee'),
(871, '02597', '9a6034d34b14210f957f9a8a20dc7490', 'employee'),
(872, '02725', 'c4297297b5042bff59ab7ac85ef71916', 'employee'),
(873, '00603', 'ea0daf80f3f23ab4d412c70a23c2c6db', 'employee'),
(874, '00511', '25cfd8273b7bbd0f6f6410d6fa4463e7', 'employee'),
(875, '00532', '039b52b1cc757c3c3aa05c712455f93a', 'employee'),
(876, '02896', '80704132805564d7f11fb40ea730265d', 'employee'),
(877, '00503', '85fc4d87618f30127c9acd072a811648', 'employee'),
(878, '00500', 'fdd1cde52df9608b157893053243d2fc', 'employee'),
(879, '00572', '7a1f6c251627dbe32b4f93053957e416', 'employee'),
(880, '00771', '349f893e1b5617f4fa4ad553d66391fc', 'employee'),
(881, '02863', 'a82912423e80d4968c310f51d70ae1e2', 'employee'),
(882, '02945', '588edcb5ad6ea348229fb88196acdac3', 'employee'),
(883, '00395', 'b2ae4af6a0a107ef2467d3231a687b4c', 'employee'),
(884, '00446', '9c77a10cbd2e9eb75eee6e49fe6eae9a', 'employee'),
(885, '00456', '019f09ad26c1c8026f0a15335f787bb9', 'employee'),
(886, '00475', 'becdbb01e61a97dcbacd47a10e51701a', 'employee'),
(887, '00535', '7df55a41392adc84f5a6f5136c4bcc52', 'employee'),
(888, '00859', 'aa5654456736a8a6c3a8fea13dbe67ee', 'employee'),
(889, '00397', 'bf7833dc6d52f39b955a0ed985f28623', 'employee'),
(890, '02865', 'f958e3eda6e636530521bb56ef2d8c69', 'employee'),
(891, '01174', '81c7aaa85ddf13004e848b5b5945fa53', 'employee'),
(892, '00725', '924aed865a8ee7588fe0eef616b93154', 'employee'),
(893, '00480', '1818f9ef7fde8d56976bd68e48496a22', 'employee'),
(894, '00398', '34017dbfa823eea7d831c6aeb1d2b634', 'employee'),
(895, '01583', 'e61b841f681917ad0a953b26b0d00ca6', 'employee'),
(896, '00389', 'a69ce03b828021d74bb1f2918d681fd2', 'employee'),
(897, '01248', '5bef29bd767a36bca5cde6efedf8aa8b', 'employee'),
(898, '00416', '68505c139f4ea66266086e958e5a1dc5', 'employee'),
(899, '00396', 'a31a3cc44ed9806e3b8d7432b44cb6f1', 'employee'),
(900, '00464', '7251a017db7f9ecb9db23d65977c4b57', 'employee'),
(901, '00481', 'f0976c3e9ca0a52be621c4e037f70c7a', 'employee'),
(902, '00474', 'e181a566ca421edcff1767f1490d62b7', 'employee'),
(903, '00401', 'e724c3e2014fcaf22350d0cc954fccf2', 'employee'),
(904, '00489', 'b162d8d501d34714b4111a37337ad187', 'employee'),
(905, '00391', 'f0c2f553b111e86a7f1b6b0c08b69c38', 'employee'),
(906, '01057', '9d0adc2c7b20bc380c4e5fb1464f945c', 'employee'),
(907, '01517', '7b23ca983ceef2960492dcce0421fabd', 'employee'),
(908, '00412', 'd5bf6dec46271b347ce49b4a564aeb79', 'employee'),
(909, '00478', '78f70c4945b49016534e97e602c7055f', 'employee'),
(910, '00660', 'c87e790510dde747f1abee8c04be8ee7', 'employee'),
(911, '02913', '2791295703d95cd9b080001aa623a6f6', 'employee'),
(912, '00426', '129b738634361fcb746c25b3698a5067', 'employee'),
(913, '02965', '05f921b8717dff7d8e0347b81bcf9d02', 'employee'),
(914, '02966', '7499edeadf6cdeb808f57b4d430176e0', 'employee'),
(915, '00458', '97d85e2984f401fc2d717790cd49f97a', 'employee'),
(916, '00491', '0f1cef325ddec1f28942358f18bed8c9', 'employee'),
(917, '00697', 'da68125ee2ad452995570eac9ea34475', 'employee'),
(918, '02860', 'c2c6663813add0726780915629d3793f', 'employee'),
(919, '02867', '360511ef193cd0d2e54cf7a1d7d0c1b7', 'employee'),
(920, '00649', '43ef37316763019588a5007397eef8aa', 'employee'),
(921, '00400', '49ca7a3d08cb17637b2997638642a4b8', 'employee'),
(922, '00413', '6557fc0bb40e4558df2d13f99f102342', 'employee'),
(923, '00473', 'ee8667d8c2b7dd320caa43cbcbdfdfe2', 'employee'),
(924, '00526', '30734d4721e6ab6df8f92c3ad94a849b', 'employee'),
(925, '00544', 'f0fbe3682436f4575e890c0130b52fc5', 'employee'),
(926, '01840', '5e37f8e899cb1ba0fa8e37b5004ebe3e', 'employee'),
(927, '00513', '9d9765a5ca83e2e3d9862ac0340dd238', 'employee'),
(928, '00510', 'ad804ad9ddc2ae168a8069413898e51a', 'employee'),
(929, '00701', 'f6bf34b2035e7159ef4d311b3703ebb0', 'employee'),
(930, '01430', '6202bbdeec33c4bfb9e4dda30efebafd', 'employee'),
(931, '02747', '2eaec1767e1d25b2e7c07846e5fb9cd3', 'employee'),
(932, '01596', '914955256776a70c207c65e7c4c940f2', 'employee'),
(933, '01609', 'bee995487a4cb1f7c8e171fa4b9acd5f', 'employee'),
(934, '00630', '54b4c860851c04d5595be1738eef9a1f', 'employee'),
(935, '02312', '30b8915bc73261f2f956a46094447719', 'employee'),
(936, '00570', '5ce5893787f8c1ef751e6f0a0ef53936', 'employee'),
(937, '00706', '698d6bf741e38adcb9bb4a48033dab62', 'employee'),
(938, '00469', 'ebced111c2286f437bd7de53c61f9020', 'employee'),
(939, '02910', 'b40907ec4365167f12269f5bec7c951f', 'employee'),
(940, '00519', '358a5c746c0b44dfbc8e19073b18ee53', 'employee'),
(941, '02653', 'be2f4012c195358eaaef1b0d12ee153e', 'employee'),
(942, '02975', 'a441b4f5bbf3dcd8cf64afe5e5c6c3bf', 'employee'),
(943, '02917', '6564503fbdb2ce9749f96a89904eb42c', 'employee'),
(944, '00592', 'aa6116cf6aba08d83c8655a01c5d53c4', 'employee'),
(945, '02894', '636d8721c552ccac7e6d381ea4d60979', 'employee'),
(946, '02628', '94b4de4ef083a23a6d2ac1fd7c57bb9c', 'employee'),
(947, '02243', '8e01368cc80d286f20fab6f16ec619b1', 'employee'),
(948, '02113', 'c30ceb395e37358e7634c3748c5ab6f4', 'employee'),
(949, '02875', '73b9dceeab361e76738f845633ba6c21', 'employee'),
(950, '00772', '6877118c769d4c2fca551b4e67755828', 'employee'),
(951, '02895', '8b03b993f56b3b65cdc5e6cf26fd2e37', 'employee'),
(952, '00417', 'eab1b10c679f0fe51bd0c6a825f65f85', 'employee'),
(953, '02903', 'ab50ed3a90eee2014f4c53e2e256856f', 'employee'),
(954, '02346', '76d473d0f3386287990edc2ea8d8ba50', 'employee'),
(955, '02552', '1f0deb540d572733efe4084f7c15d6d3', 'employee'),
(956, '02469', '398421c34cbf35eb33f2c14a7bfd3dfd', 'employee'),
(957, '00846', '7a0ceedd23aefea84fda40018a9a0ddf', 'employee'),
(958, '01382', 'e4f951b6fa7e37d23bba59a90662a6d9', 'employee'),
(959, '02909', '6f9958bcafdc5a6bb86ed9aee67925ca', 'employee'),
(960, '02759', '4de840dd5593fb18c69327e75ea47c08', 'employee'),
(961, '01048', 'd60ffcf874332a9f45debc389705811a', 'employee'),
(962, '02902', 'c5d4e41183a4aaceed10f5303baf62a6', 'employee'),
(963, '02527', 'c14da98f5dddf8a1774db2a6d35d7b23', 'employee'),
(964, '02876', 'fe72035dc2fbf9f8dbda041d0b21630d', 'employee'),
(965, '00551', '5819182de28c8539890df05b8901959a', 'employee'),
(966, '03038', '71e7398de41104e8a1d19413372eb8bd', 'employee'),
(967, '03039', 'be6f7be069d1e342c7d13ceee2614cbf', 'employee'),
(968, '02776', '90e4775abc0e1baa9259704eabdc2a90', 'employee'),
(969, '02757', 'ac3b8f2a22fe0312d1287890f5df608a', 'employee'),
(970, '02465', 'be9755332cac373113df808530425e01', 'employee'),
(971, '02206', '8093366f5f72d7a32f478c502c5e9c07', 'employee'),
(972, '03017', 'fa095c95cb2c95db758d0d41f2bca1de', 'employee'),
(973, '02163', '1ca30956445e0567a488e85d8828e371', 'employee'),
(974, '03042', '8fb2bdc2c528ec0cf7cb6e75f75b75b7', 'employee'),
(975, '03043', '324bf8ca45a8f4ed1e9c96d12ef942ed', 'employee'),
(976, '03047', 'a3658574a517503c5caf9438e656c2ba', 'employee'),
(977, '02335', '2e1fb9e5bb84e4f5e40a2a73a5bdb205', 'employee'),
(978, '03048', '8d2bb7bd1bb1249aa178740bc1348fca', 'employee'),
(979, '03054', '6941a462ec423079a28013eb7a86f22e', 'employee'),
(980, '03060', '38b7f4ecee85bcdfe60cac7a1998fb33', 'employee'),
(981, '03062', 'fd2d1ad106065e2b3191783bde07f4a1', 'employee'),
(982, '03066', 'a688f507ed91bf678af4e07ee2891ee7', 'employee'),
(983, '03077', 'eb4d3026519535a3f7f9975cb84da0ad', 'employee'),
(984, '03078', 'c2ada44cb1243012b1fc30661dc3f6f4', 'employee'),
(985, '03080', '510df334876eff9522f030cc7c087e95', 'employee'),
(986, '03084', '48b4deb409deefc6f092ae0ed0393892', 'employee'),
(987, '03086', 'cb1fe7de6ecd1d6f8bca2563794fea8f', 'employee'),
(988, '01214', '43ae0ebafa2c858b7cad46752e08145e', 'employee'),
(989, '03087', '7cece603cb1b9436f2cd841654547f00', 'employee'),
(990, '03089', '4d1e2d8d002482fb6e7bb1dd428ad862', 'employee'),
(991, '03091', '54b62318e064908dac8396e96360e7b3', 'employee'),
(992, '00627', '40ab41f8191c443fa52b4cebb5482b0b', 'employee'),
(993, '02763', '722f958ef4902bdf7f6f82ab9235c051', 'employee'),
(994, '02156', '0a6dbb9c3e47df0e53f46f11b789f518', 'employee'),
(995, '03019', 'f36a44fc720bf27743e18747f9a9304c', 'employee'),
(996, '02764', 'f0984aefa96458a272a4d55b6c082717', 'employee'),
(997, '02874', '3f6fb3fa13cc34517358fe4913355b39', 'employee'),
(998, '01220', '8f79248c7c29e68362d2531811164e58', 'employee'),
(999, '01741', 'a4da6ae3746ccb801e77ade87368beb2', 'employee'),
(1000, '02914', '8c6c6c5c03392d7020e3ec3b274d04e7', 'employee'),
(1001, '02891', 'f0984aefa96458a272a4d55b6c082717', 'employee'),
(1002, '00698', '6a752a8149a0705f791c2e3b49bb4ce8', 'employee'),
(1003, '03092', '4e89720a8c4fe58d897c390dbf5aae04', 'employee'),
(1004, '03093', 'e506dae84c3a4c7a1eb50877d7247d94', 'employee'),
(1005, '03094', 'cfe0285aa18b8f9a160aa2f4e57169df', 'employee'),
(1006, '02268', 'f45961cbc8a1504ef9d090866e5947c1', 'employee'),
(1007, '00579', '507772283d914113631b88ce6b822c23', 'employee'),
(1008, '00539', '5958da604e2c9b49f6009cc742abdc98', 'employee'),
(1009, '02893', 'f353e617e7007fa584872ca5efb05b9a', 'employee'),
(1010, '03095', '142d9cdb594eb8725db8167cbfeee02f', 'employee'),
(1011, '02497', 'a65ad916e6b8f38ebf25975a817245e4', 'employee'),
(1012, '00995', '6bcd76d506cba14a9048d18f97d6c2fb', 'employee'),
(1013, '02999', '8d74f80baae68fe888c5df9bdeb48e33', 'employee'),
(1014, '00832', '57826f9d8471681eeeb8a9fa454b1088', 'employee'),
(1015, '02593', '45351c0caf57f0588870d80fc28aa678', 'employee'),
(1016, '03096', 'c73e129d79d60d0213e43b119b8447dd', 'employee'),
(1017, '03097', '217a1b61e791ab5bcc22088a5f0b928a', 'employee'),
(1018, '02985', 'cda800597d67a53588abdfe48d86e197', 'employee'),
(1019, '03098', 'eba07750d0af87d7f820a56b45dd0a20', 'employee'),
(1020, '03100', '2c846e6ca418b207d1c2a00a7f4d8cc4', 'employee'),
(1021, '02150', 'e0ab83fc87090823fde67e5e30141736', 'employee'),
(1022, '02978', 'b6b094b2a5a0c8abde0cd561c8c52600', 'employee'),
(1023, '00658', 'db4ad308c9ac912a62feae97e6028516', 'employee'),
(1024, '03101', '077ab6b93f77eac620c0881c9143a2bb', 'employee'),
(1025, '02861', '0879a1e03a63e40fa6ace9e541f20c1b', 'employee'),
(1026, '01074', '64d04c3b304b3f3d2c2e51f1c97da714', 'employee'),
(1027, '03104', '5275193f6f56c36025f35234966b1eab', 'employee'),
(1028, '03105', 'c13f16320458b5d08b1d01747ac6fcee', 'employee'),
(1029, '02878', '00cecf026d04ffec66526b9046efdba7', 'employee'),
(1030, '02141', '739b6cb85edfe9bbe213347670a82c78', 'employee'),
(1031, '03106', '93a7570f77372676c448ccd02c4a2528', 'employee'),
(1032, '02961', '9179b295da74985258637e91627d6e22', 'employee'),
(1033, '03107', '54ad44cdfafef0d0ead8d2d495b2a878', 'employee'),
(1034, '03108', 'e0c49e556501618588b0aaa68ab8804d', 'employee'),
(1035, '03109', '5cbe3e94ef6673e739d54605133664eb', 'employee'),
(1036, '03110', '6dedd1adeb4c6f86115db2cbfd2701da', 'employee'),
(1037, '03111', '3309439d2e16053dab97874c3ac87884', 'employee'),
(1038, '03112', '05f921b8717dff7d8e0347b81bcf9d02', 'employee'),
(1039, '03113', 'a119c8f5e65282f831d19178231456ba', 'employee'),
(1040, '03114', '90dc0a3c7ebb4a9acb91d7fef4e7391b', 'employee'),
(1041, '03115', '292ef302b69576f90bf3f3c7cba1b222', 'employee'),
(1042, '03116', '58e4644e1a39f912695bbf3192fc4142', 'employee'),
(1043, '03117', '74750920001e81591ee55e8858c7e880', 'employee'),
(1044, '03118', '0eb09079abf294fb095bf1578041006a', 'employee'),
(1045, '03120', '35da1d50f380d40f07a2914df5eabd54', 'employee'),
(1046, '03121', '431bc879c423b5084d75a501b90b8e74', 'employee'),
(1047, '03122', 'b2ed73f48afc45c3c9948bd3c7ce82fa', 'employee'),
(1048, '02239', '289f084dd3c849576cedc959a8b8406b', 'employee'),
(1049, '03123', 'ab9aef39c3f2bb16d3edf4e275aab6c6', 'employee'),
(1050, '03124', 'a65ad916e6b8f38ebf25975a817245e4', 'employee'),
(1051, '03125', '00f5cdfcf6659644292bf07a27431fb9', 'employee'),
(1052, '00004', '2c5d06380c4f3cd215654fd5491b9f0f', 'employee'),
(10061996, 'kj', 'd84b0d1046127299f23064ed99b06321', 'employee'),
(10061997, 'kj', 'd84b0d1046127299f23064ed99b06321', 'employee'),
(10061998, '00004', '4677976b1206acb8780f9f88131dbe81', 'employee');

--
-- Indexes for dumped tables
--

--
-- Indeks untuk tabel `cuti`
--
ALTER TABLE `cuti`
  ADD PRIMARY KEY (`id_cuti`);

--
-- Indeks untuk tabel `cuti_bersama`
--
ALTER TABLE `cuti_bersama`
  ADD PRIMARY KEY (`id_cuti_bersama`);

--
-- Indeks untuk tabel `karyawan`
--
ALTER TABLE `karyawan`
  ADD PRIMARY KEY (`nik`);

--
-- Indeks untuk tabel `saldo_cuti`
--
ALTER TABLE `saldo_cuti`
  ADD PRIMARY KEY (`id_saldo_cuti`),
  ADD KEY `nik` (`nik`);

--
-- Indeks untuk tabel `users`
--
ALTER TABLE `users`
  ADD PRIMARY KEY (`id_users`),
  ADD KEY `nik` (`nik`);

--
-- AUTO_INCREMENT untuk tabel yang dibuang
--

--
-- AUTO_INCREMENT untuk tabel `cuti`
--
ALTER TABLE `cuti`
  MODIFY `id_cuti` int(11) NOT NULL AUTO_INCREMENT, AUTO_INCREMENT=88;

--
-- AUTO_INCREMENT untuk tabel `cuti_bersama`
--
ALTER TABLE `cuti_bersama`
  MODIFY `id_cuti_bersama` int(11) NOT NULL AUTO_INCREMENT, AUTO_INCREMENT=7;

--
-- AUTO_INCREMENT untuk tabel `saldo_cuti`
--
ALTER TABLE `saldo_cuti`
  MODIFY `id_saldo_cuti` int(11) NOT NULL AUTO_INCREMENT, AUTO_INCREMENT=12853;

--
-- AUTO_INCREMENT untuk tabel `users`
--
ALTER TABLE `users`
  MODIFY `id_users` int(11) NOT NULL AUTO_INCREMENT, AUTO_INCREMENT=10062002;

--
-- Ketidakleluasaan untuk tabel pelimpahan (Dumped Tables)
--

--
-- Ketidakleluasaan untuk tabel `saldo_cuti`
--
ALTER TABLE `saldo_cuti`
  ADD CONSTRAINT `saldo_cuti_ibfk_1` FOREIGN KEY (`nik`) REFERENCES `karyawan` (`nik`);
COMMIT;

/*!40101 SET CHARACTER_SET_CLIENT=@OLD_CHARACTER_SET_CLIENT */;
/*!40101 SET CHARACTER_SET_RESULTS=@OLD_CHARACTER_SET_RESULTS */;
/*!40101 SET COLLATION_CONNECTION=@OLD_COLLATION_CONNECTION */;

